datetime,wind_speed
1/1/2022 0:00,10.2
1/1/2022 3:00,7.4
1/1/2022 6:00,9.3
1/1/2022 9:00,5.6
1/1/2022 12:00,5.6
1/1/2022 15:00,5.6
1/1/2022 18:00,5.6
1/1/2022 21:00,5.6
2/1/2022 0:00,3.7
2/1/2022 3:00,5.6
2/1/2022 6:00,11.1
2/1/2022 9:00,5.6
2/1/2022 12:00,3.7
2/1/2022 15:00,3.7
2/1/2022 18:00,3.7
2/1/2022 21:00,5
3/1/2022 0:00,6.3
3/1/2022 3:00,7.6
3/1/2022 6:00,7.4
3/1/2022 9:00,7.4
3/1/2022 12:00,3.7
3/1/2022 15:00,5.6
3/1/2022 18:00,7.4
3/1/2022 21:00,3.7
4/1/2022 0:00,3.7
4/1/2022 3:00,9.3
4/1/2022 6:00,14.8
4/1/2022 9:00,18.5
4/1/2022 12:00,16.7
4/1/2022 15:00,7.4
4/1/2022 18:00,6.5
4/1/2022 21:00,5.6
5/1/2022 0:00,11.1
5/1/2022 3:00,13
5/1/2022 6:00,24.1
5/1/2022 9:00,16.7
5/1/2022 12:00,7.4
5/1/2022 15:00,5.6
5/1/2022 18:00,5
5/1/2022 21:00,4.3
6/1/2022 0:00,3.7
6/1/2022 3:00,20.4
6/1/2022 6:00,22.2
6/1/2022 9:00,13
6/1/2022 12:00,9.3
6/1/2022 15:00,7.4
6/1/2022 18:00,6.2
6/1/2022 21:00,4.9
7/1/2022 0:00,3.7
7/1/2022 3:00,20.4
7/1/2022 6:00,20.4
7/1/2022 9:00,20.4
7/1/2022 12:00,13.9
7/1/2022 15:00,7.4
7/1/2022 18:00,7.4
7/1/2022 21:00,7.4
8/1/2022 0:00,18.4
8/1/2022 3:00,18.4
8/1/2022 6:00,16.7
8/1/2022 9:00,18.5
8/1/2022 12:00,7.4
8/1/2022 15:00,7.4
8/1/2022 18:00,5.6
8/1/2022 21:00,5.6
9/1/2022 0:00,13.9
9/1/2022 3:00,22.2
9/1/2022 6:00,20.4
9/1/2022 9:00,27.8
9/1/2022 12:00,13
9/1/2022 15:00,7.4
9/1/2022 18:00,9.3
9/1/2022 21:00,9.3
10/1/2022 0:00,7.4
10/1/2022 3:00,24.1
10/1/2022 6:00,24.1
10/1/2022 9:00,31.5
10/1/2022 12:00,13
10/1/2022 15:00,9.3
10/1/2022 18:00,5.6
10/1/2022 21:00,7.4
11/1/2022 0:00,7.4
11/1/2022 3:00,25.9
11/1/2022 6:00,27.8
11/1/2022 9:00,22.2
11/1/2022 12:00,13.9
11/1/2022 15:00,5.6
11/1/2022 18:00,7.4
11/1/2022 21:00,9.3
12/1/2022 0:00,7.4
12/1/2022 3:00,24.1
12/1/2022 6:00,25.9
12/1/2022 9:00,20.4
12/1/2022 12:00,18.5
12/1/2022 15:00,9.3
12/1/2022 18:00,5.6
12/1/2022 21:00,11.1
13/01/2022 0:00,13
13/01/2022 3:00,24.1
13/01/2022 6:00,20.4
13/01/2022 9:00,20.4
13/01/2022 12:00,11.1
13/01/2022 15:00,9.3
13/01/2022 18:00,7.4
13/01/2022 21:00,9.3
14/01/2022 0:00,13
14/01/2022 3:00,25.9
14/01/2022 6:00,27.8
14/01/2022 9:00,25.9
14/01/2022 12:00,14.8
14/01/2022 15:00,9.3
14/01/2022 18:00,5.6
14/01/2022 21:00,11.1
15/01/2022 0:00,11.1
15/01/2022 3:00,20.4
15/01/2022 6:00,24.1
15/01/2022 9:00,27.8
15/01/2022 12:00,9.3
15/01/2022 15:00,7.4
15/01/2022 18:00,5.6
15/01/2022 21:00,9.3
16/01/2022 0:00,9.3
16/01/2022 3:00,27.8
16/01/2022 6:00,20.4
16/01/2022 9:00,18.5
16/01/2022 12:00,13
16/01/2022 15:00,7.4
16/01/2022 18:00,11.1
16/01/2022 21:00,5.6
17/01/2022 0:00,7.4
17/01/2022 3:00,22.2
17/01/2022 6:00,22.2
17/01/2022 9:00,18.5
17/01/2022 12:00,16.7
17/01/2022 15:00,13
17/01/2022 18:00,11.2
17/01/2022 21:00,11.2
18/01/2022 0:00,13
18/01/2022 3:00,24.1
18/01/2022 6:00,27.8
18/01/2022 9:00,14.8
18/01/2022 12:00,13
18/01/2022 15:00,11.1
18/01/2022 18:00,9.3
18/01/2022 21:00,9.3
19/01/2022 0:00,3.7
19/01/2022 3:00,9.3
19/01/2022 6:00,14.8
19/01/2022 9:00,22.2
19/01/2022 12:00,11.1
19/01/2022 15:00,9.3
19/01/2022 18:00,9.3
19/01/2022 21:00,7.4
20/01/2022 0:00,5.6
20/01/2022 3:00,14.8
20/01/2022 6:00,20.4
20/01/2022 9:00,24.1
20/01/2022 12:00,11.1
20/01/2022 15:00,7.4
20/01/2022 18:00,9.3
20/01/2022 21:00,7.4
21/01/2022 0:00,3.7
21/01/2022 3:00,20.4
21/01/2022 6:00,24.1
21/01/2022 9:00,25.9
21/01/2022 12:00,9.3
21/01/2022 15:00,9.3
21/01/2022 18:00,9.3
21/01/2022 21:00,6.5
22/01/2022 0:00,3.7
22/01/2022 3:00,18.5
22/01/2022 6:00,27.8
22/01/2022 9:00,14.8
22/01/2022 12:00,9.3
22/01/2022 15:00,7.4
22/01/2022 18:00,5.6
22/01/2022 21:00,3.7
23/01/2022 0:00,5.6
23/01/2022 3:00,14.8
23/01/2022 6:00,20.4
23/01/2022 9:00,18.5
23/01/2022 12:00,7.4
23/01/2022 15:00,3.7
23/01/2022 18:00,4.6
23/01/2022 21:00,5.6
24/01/2022 0:00,12
24/01/2022 3:00,18.5
24/01/2022 6:00,16.7
24/01/2022 9:00,16.7
24/01/2022 12:00,5.6
24/01/2022 15:00,7.4
24/01/2022 18:00,5.6
24/01/2022 21:00,5.6
25/01/2022 0:00,5.6
25/01/2022 3:00,25.9
25/01/2022 6:00,25.9
25/01/2022 9:00,24.1
25/01/2022 12:00,11.1
25/01/2022 15:00,9.3
25/01/2022 18:00,5.6
25/01/2022 21:00,9.9
26/01/2022 0:00,14.1
26/01/2022 3:00,18.4
26/01/2022 6:00,25.9
26/01/2022 9:00,18.5
26/01/2022 12:00,11.1
26/01/2022 15:00,5.6
26/01/2022 18:00,5.6
26/01/2022 21:00,4.6
27/01/2022 0:00,3.7
27/01/2022 3:00,16.7
27/01/2022 6:00,18.5
27/01/2022 9:00,16.7
27/01/2022 12:00,7.4
27/01/2022 15:00,5.6
27/01/2022 18:00,3.7
27/01/2022 21:00,9.9
28/01/2022 0:00,16
28/01/2022 3:00,22.2
28/01/2022 6:00,13
28/01/2022 9:00,16.7
28/01/2022 12:00,11.1
28/01/2022 15:00,5.6
28/01/2022 18:00,5
28/01/2022 21:00,4.3
29/01/2022 0:00,3.7
29/01/2022 3:00,13
29/01/2022 6:00,22.2
29/01/2022 9:00,18.5
29/01/2022 12:00,11.1
29/01/2022 15:00,11.8
29/01/2022 18:00,12.6
29/01/2022 21:00,13.3
30/01/2022 0:00,14.1
30/01/2022 3:00,14.8
30/01/2022 6:00,29.6
30/01/2022 9:00,20.4
30/01/2022 12:00,9.3
30/01/2022 15:00,5.6
30/01/2022 18:00,3.7
30/01/2022 21:00,5.4
31/01/2022 0:00,10.1
31/01/2022 3:00,14.8
31/01/2022 6:00,22.2
31/01/2022 9:00,18.5
31/01/2022 12:00,9.3
31/01/2022 15:00,7.4
31/01/2022 18:00,3.7
31/01/2022 21:00,9.3
1/2/2022 0:00,12
1/2/2022 3:00,14.8
1/2/2022 6:00,22.2
1/2/2022 9:00,24.1
1/2/2022 12:00,11.1
1/2/2022 15:00,5.6
1/2/2022 18:00,6.5
1/2/2022 21:00,7.4
2/2/2022 0:00,8.4
2/2/2022 3:00,9.3
2/2/2022 6:00,11.1
2/2/2022 9:00,18.5
2/2/2022 12:00,9.3
2/2/2022 15:00,7.4
2/2/2022 18:00,5.6
2/2/2022 21:00,5.6
3/2/2022 0:00,5.6
3/2/2022 3:00,20.4
3/2/2022 6:00,24.1
3/2/2022 9:00,24.1
3/2/2022 12:00,11.1
3/2/2022 15:00,7.4
3/2/2022 18:00,7.4
3/2/2022 21:00,7.4
4/2/2022 0:00,5.6
4/2/2022 3:00,27.8
4/2/2022 6:00,25.9
4/2/2022 9:00,22.2
4/2/2022 12:00,11.1
4/2/2022 15:00,3.7
4/2/2022 18:00,13
4/2/2022 21:00,7.4
5/2/2022 0:00,9.3
5/2/2022 3:00,31.5
5/2/2022 6:00,24.1
5/2/2022 9:00,20.4
5/2/2022 12:00,14.8
5/2/2022 15:00,5.6
5/2/2022 18:00,9.3
5/2/2022 21:00,7.4
6/2/2022 0:00,9.3
6/2/2022 3:00,13
6/2/2022 6:00,7.6
6/2/2022 9:00,13
6/2/2022 12:00,9.3
6/2/2022 15:00,7.4
6/2/2022 18:00,3.7
6/2/2022 21:00,3.7
7/2/2022 0:00,5.6
7/2/2022 3:00,14.8
7/2/2022 6:00,31.5
7/2/2022 9:00,14.8
7/2/2022 12:00,9.3
7/2/2022 15:00,11.1
7/2/2022 18:00,9.3
7/2/2022 21:00,7.4
8/2/2022 0:00,7.4
8/2/2022 3:00,7.4
8/2/2022 6:00,13
8/2/2022 9:00,14.8
8/2/2022 12:00,7.4
8/2/2022 15:00,7.4
8/2/2022 18:00,7.4
8/2/2022 21:00,8
9/2/2022 0:00,8.7
9/2/2022 3:00,9.3
9/2/2022 6:00,13
9/2/2022 9:00,5.4
9/2/2022 12:00,1.9
9/2/2022 15:00,7.4
9/2/2022 18:00,13
9/2/2022 21:00,8.4
10/2/2022 0:00,3.7
10/2/2022 3:00,5.6
10/2/2022 6:00,11.1
10/2/2022 9:00,9.3
10/2/2022 12:00,5.6
10/2/2022 15:00,7.4
10/2/2022 18:00,9.3
10/2/2022 21:00,5.6
11/2/2022 0:00,8.4
11/2/2022 3:00,11.1
11/2/2022 6:00,16.7
11/2/2022 9:00,16.7
11/2/2022 12:00,3.7
11/2/2022 15:00,5.6
11/2/2022 18:00,3.7
11/2/2022 21:00,3.7
12/2/2022 0:00,9.2
12/2/2022 3:00,14.8
12/2/2022 6:00,22.2
12/2/2022 9:00,18.5
12/2/2022 12:00,9.3
12/2/2022 15:00,5.6
12/2/2022 18:00,5.6
12/2/2022 21:00,8.7
13/02/2022 0:00,11.7
13/02/2022 3:00,14.8
13/02/2022 6:00,14.8
13/02/2022 9:00,14.8
13/02/2022 12:00,7.4
13/02/2022 15:00,5.6
13/02/2022 18:00,3.7
13/02/2022 21:00,3.7
14/02/2022 0:00,8.4
14/02/2022 3:00,13
14/02/2022 6:00,16.7
14/02/2022 9:00,18.5
14/02/2022 12:00,7.4
14/02/2022 15:00,5.6
14/02/2022 18:00,5
14/02/2022 21:00,4.3
15/02/2022 0:00,3.7
15/02/2022 3:00,16.7
15/02/2022 6:00,18.5
15/02/2022 9:00,18.5
15/02/2022 12:00,9.3
15/02/2022 15:00,7.4
15/02/2022 18:00,8.3
15/02/2022 21:00,9.2
16/02/2022 0:00,10.2
16/02/2022 3:00,11.1
16/02/2022 6:00,7.4
16/02/2022 9:00,9.3
16/02/2022 12:00,7.4
16/02/2022 15:00,3.7
16/02/2022 18:00,3.7
16/02/2022 21:00,7.4
17/02/2022 0:00,7.4
17/02/2022 3:00,7.4
17/02/2022 6:00,9.3
17/02/2022 9:00,20.4
17/02/2022 12:00,9.3
17/02/2022 15:00,3.7
17/02/2022 18:00,5.6
17/02/2022 21:00,11.1
18/02/2022 0:00,11.1
18/02/2022 3:00,16.7
18/02/2022 6:00,16.7
18/02/2022 9:00,18.5
18/02/2022 12:00,9.3
18/02/2022 15:00,5.6
18/02/2022 18:00,3.7
18/02/2022 21:00,11.1
19/02/2022 0:00,10.2
19/02/2022 3:00,9.3
19/02/2022 6:00,9.3
19/02/2022 9:00,9.3
19/02/2022 12:00,9.3
19/02/2022 15:00,7.4
19/02/2022 18:00,5.6
19/02/2022 21:00,3.7
20/02/2022 0:00,5.6
20/02/2022 3:00,18.5
20/02/2022 6:00,16.7
20/02/2022 9:00,20.4
20/02/2022 12:00,18.5
20/02/2022 15:00,16.7
20/02/2022 18:00,14.8
20/02/2022 21:00,13
21/02/2022 0:00,11.1
21/02/2022 3:00,20.5
21/02/2022 6:00,25.9
21/02/2022 9:00,27.8
21/02/2022 12:00,14.8
21/02/2022 15:00,14.8
21/02/2022 18:00,7.4
21/02/2022 21:00,7.4
22/02/2022 0:00,5.6
22/02/2022 3:00,16.7
22/02/2022 6:00,20.4
22/02/2022 9:00,18.5
22/02/2022 12:00,7.4
22/02/2022 15:00,7.4
22/02/2022 18:00,9.7
22/02/2022 21:00,12
23/02/2022 0:00,14.4
23/02/2022 3:00,16.7
23/02/2022 6:00,27.8
23/02/2022 9:00,16.7
23/02/2022 12:00,11.1
23/02/2022 15:00,9.3
23/02/2022 18:00,7.4
23/02/2022 21:00,6.5
24/02/2022 0:00,5.6
24/02/2022 3:00,11.1
24/02/2022 6:00,9.3
24/02/2022 9:00,13
24/02/2022 12:00,3.7
24/02/2022 15:00,9.4
24/02/2022 18:00,6.6
24/02/2022 21:00,3.7
25/02/2022 0:00,5.6
25/02/2022 3:00,13
25/02/2022 6:00,11.1
25/02/2022 9:00,9.3
25/02/2022 12:00,11.1
25/02/2022 15:00,5.6
25/02/2022 18:00,3.7
25/02/2022 21:00,5.6
26/02/2022 0:00,5.6
26/02/2022 3:00,7.4
26/02/2022 6:00,9.3
26/02/2022 9:00,5.6
26/02/2022 12:00,5.6
26/02/2022 15:00,5.6
26/02/2022 18:00,3.7
26/02/2022 21:00,3.7
27/02/2022 0:00,3.7
27/02/2022 3:00,18.5
27/02/2022 6:00,18.5
27/02/2022 9:00,5.6
27/02/2022 12:00,7.4
27/02/2022 15:00,11.1
27/02/2022 18:00,9.3
27/02/2022 21:00,7.4
28/02/2022 0:00,5.6
28/02/2022 3:00,16.7
28/02/2022 6:00,14.8
28/02/2022 9:00,18.5
28/02/2022 12:00,11.1
28/02/2022 15:00,7.4
28/02/2022 18:00,9.3
28/02/2022 21:00,9.9
1/3/2022 0:00,10.5
1/3/2022 3:00,11.1
1/3/2022 6:00,14.8
1/3/2022 9:00,20.5
1/3/2022 12:00,3.7
1/3/2022 15:00,3.7
1/3/2022 18:00,3.7
1/3/2022 21:00,9.3
2/3/2022 0:00,13.9
2/3/2022 3:00,18.5
2/3/2022 6:00,22.2
2/3/2022 9:00,22.2
2/3/2022 12:00,7.4
2/3/2022 15:00,7.4
2/3/2022 18:00,9.3
2/3/2022 21:00,7.4
3/3/2022 0:00,3.7
3/3/2022 3:00,24.1
3/3/2022 6:00,22.2
3/3/2022 9:00,24.1
3/3/2022 12:00,9.3
3/3/2022 15:00,7.4
3/3/2022 18:00,7.4
3/3/2022 21:00,3.7
4/3/2022 0:00,5.6
4/3/2022 3:00,16.7
4/3/2022 6:00,22.2
4/3/2022 9:00,14.8
4/3/2022 12:00,9.3
4/3/2022 15:00,7.4
4/3/2022 18:00,7.4
4/3/2022 21:00,6.5
5/3/2022 0:00,5.6
5/3/2022 3:00,9.3
5/3/2022 6:00,11.1
5/3/2022 9:00,5.6
5/3/2022 12:00,11.1
5/3/2022 15:00,7.4
5/3/2022 18:00,7.4
5/3/2022 21:00,6.5
6/3/2022 0:00,5.6
6/3/2022 3:00,9.3
6/3/2022 6:00,11.1
6/3/2022 9:00,9.3
6/3/2022 12:00,3.7
6/3/2022 15:00,5.6
6/3/2022 18:00,7.4
6/3/2022 21:00,9.3
7/3/2022 0:00,9.3
7/3/2022 3:00,13
7/3/2022 6:00,13
7/3/2022 9:00,14.8
7/3/2022 12:00,5.6
7/3/2022 15:00,6.8
7/3/2022 18:00,8.1
7/3/2022 21:00,9.3
8/3/2022 0:00,8.7
8/3/2022 3:00,8
8/3/2022 6:00,7.4
8/3/2022 9:00,7.4
8/3/2022 12:00,5.6
8/3/2022 15:00,5.6
8/3/2022 18:00,5.6
8/3/2022 21:00,5.6
9/3/2022 0:00,8.4
9/3/2022 3:00,11.1
9/3/2022 6:00,18.5
9/3/2022 9:00,20.4
9/3/2022 12:00,11.1
9/3/2022 15:00,5.6
9/3/2022 18:00,7.4
9/3/2022 21:00,5.6
10/3/2022 0:00,20.4
10/3/2022 3:00,5.6
10/3/2022 6:00,11.1
10/3/2022 9:00,11.1
10/3/2022 12:00,7.4
10/3/2022 15:00,10
10/3/2022 18:00,12.6
10/3/2022 21:00,15.2
11/3/2022 0:00,17.8
11/3/2022 3:00,20.4
11/3/2022 6:00,18.5
11/3/2022 9:00,22.2
11/3/2022 12:00,9.3
11/3/2022 15:00,7.4
11/3/2022 18:00,7.4
11/3/2022 21:00,7.4
12/3/2022 0:00,3.7
12/3/2022 3:00,18.5
12/3/2022 6:00,29.6
12/3/2022 9:00,22.2
12/3/2022 12:00,9.3
12/3/2022 15:00,7.4
12/3/2022 18:00,8.8
12/3/2022 21:00,10.2
13/03/2022 0:00,11.6
13/03/2022 3:00,13
13/03/2022 6:00,14.8
13/03/2022 9:00,13
13/03/2022 12:00,7.4
13/03/2022 15:00,5.6
13/03/2022 18:00,5.6
13/03/2022 21:00,3.7
14/03/2022 0:00,5.6
14/03/2022 3:00,7.4
14/03/2022 6:00,10.2
14/03/2022 9:00,13
14/03/2022 12:00,5.6
14/03/2022 15:00,3.7
14/03/2022 18:00,5.6
14/03/2022 21:00,5.6
15/03/2022 0:00,7.4
15/03/2022 3:00,9.3
15/03/2022 6:00,5.6
15/03/2022 9:00,7.4
15/03/2022 12:00,7
15/03/2022 15:00,6.7
15/03/2022 18:00,6.3
15/03/2022 21:00,6
16/03/2022 0:00,5.6
16/03/2022 3:00,7.4
16/03/2022 6:00,9.3
16/03/2022 9:00,11.1
16/03/2022 12:00,5.6
16/03/2022 15:00,7.1
16/03/2022 18:00,8.6
16/03/2022 21:00,10
17/03/2022 0:00,11.5
17/03/2022 3:00,13
17/03/2022 6:00,11.1
17/03/2022 9:00,3.7
17/03/2022 12:00,5.2
17/03/2022 15:00,6.8
17/03/2022 18:00,8.4
17/03/2022 21:00,9.9
18/03/2022 0:00,11.4
18/03/2022 3:00,13
18/03/2022 6:00,7.4
18/03/2022 9:00,7.4
18/03/2022 12:00,7.4
18/03/2022 15:00,6.8
18/03/2022 18:00,6.2
18/03/2022 21:00,5.6
19/03/2022 0:00,7.4
19/03/2022 3:00,9.3
19/03/2022 6:00,9.3
19/03/2022 9:00,13
19/03/2022 12:00,9.3
19/03/2022 15:00,5.6
19/03/2022 18:00,5.6
19/03/2022 21:00,8.1
20/03/2022 0:00,10.5
20/03/2022 3:00,13
20/03/2022 6:00,16.7
20/03/2022 9:00,13
20/03/2022 12:00,5.6
20/03/2022 15:00,10.5
20/03/2022 18:00,15.5
20/03/2022 21:00,20.4
21/03/2022 0:00,5.6
21/03/2022 3:00,5.6
21/03/2022 6:00,11.1
21/03/2022 9:00,9.3
21/03/2022 12:00,5.6
21/03/2022 15:00,5.1
21/03/2022 18:00,4.6
21/03/2022 21:00,4.2
22/03/2022 0:00,3.7
22/03/2022 3:00,14.8
22/03/2022 6:00,11.1
22/03/2022 9:00,13
22/03/2022 12:00,3.7
22/03/2022 15:00,4.2
22/03/2022 18:00,4.6
22/03/2022 21:00,5.1
23/03/2022 0:00,5.6
23/03/2022 3:00,14.8
23/03/2022 6:00,13
23/03/2022 9:00,11.1
23/03/2022 12:00,7.4
23/03/2022 15:00,7.4
23/03/2022 18:00,6.5
23/03/2022 21:00,5.6
24/03/2022 0:00,7.4
24/03/2022 3:00,14.8
24/03/2022 6:00,16.7
24/03/2022 9:00,14.8
24/03/2022 12:00,9.3
24/03/2022 15:00,5.6
24/03/2022 18:00,5.6
24/03/2022 21:00,5.6
25/03/2022 0:00,5.6
25/03/2022 3:00,16.7
25/03/2022 6:00,16.7
25/03/2022 9:00,11.1
25/03/2022 12:00,7.6
25/03/2022 15:00,5.6
25/03/2022 18:00,7
25/03/2022 21:00,8.4
26/03/2022 0:00,9.7
26/03/2022 3:00,11.1
26/03/2022 6:00,14.8
26/03/2022 9:00,11.1
26/03/2022 12:00,5.6
26/03/2022 15:00,7.4
26/03/2022 18:00,9.7
26/03/2022 21:00,12
27/03/2022 0:00,14.4
27/03/2022 3:00,16.7
27/03/2022 6:00,9.3
27/03/2022 9:00,9.3
27/03/2022 12:00,5.6
27/03/2022 15:00,1.9
27/03/2022 18:00,2.8
27/03/2022 21:00,3.7
28/03/2022 0:00,9.2
28/03/2022 3:00,14.8
28/03/2022 6:00,13
28/03/2022 9:00,9.3
28/03/2022 12:00,5.6
28/03/2022 15:00,5.6
28/03/2022 18:00,5.6
28/03/2022 21:00,9.3
29/03/2022 0:00,12
29/03/2022 3:00,14.8
29/03/2022 6:00,13
29/03/2022 9:00,13
29/03/2022 12:00,5.6
29/03/2022 15:00,7.4
29/03/2022 18:00,5.6
29/03/2022 21:00,6.2
30/03/2022 0:00,6.8
30/03/2022 3:00,7.4
30/03/2022 6:00,9.3
30/03/2022 9:00,9.3
30/03/2022 12:00,7.4
30/03/2022 15:00,7.4
30/03/2022 18:00,5.6
30/03/2022 21:00,4.6
31/03/2022 0:00,3.7
31/03/2022 3:00,3.7
31/03/2022 6:00,5.6
31/03/2022 9:00,5.6
31/03/2022 12:00,7.1
31/03/2022 15:00,8.7
31/03/2022 18:00,10.2
31/03/2022 21:00,11.7
1/4/2022 0:00,13.3
1/4/2022 3:00,14.8
1/4/2022 6:00,9.3
1/4/2022 9:00,9.3
1/4/2022 12:00,3.7
1/4/2022 15:00,5.6
1/4/2022 18:00,3.7
1/4/2022 21:00,1.9
2/4/2022 0:00,5.6
2/4/2022 3:00,9.3
2/4/2022 6:00,7.4
2/4/2022 9:00,11.1
2/4/2022 12:00,7.4
2/4/2022 15:00,3.7
2/4/2022 18:00,3.7
2/4/2022 21:00,3.7
3/4/2022 0:00,8.4
3/4/2022 3:00,13
3/4/2022 6:00,5.6
3/4/2022 9:00,3.7
3/4/2022 12:00,6.5
3/4/2022 15:00,9.3
3/4/2022 18:00,7.4
3/4/2022 21:00,5.6
4/4/2022 0:00,4.6
4/4/2022 3:00,3.7
4/4/2022 6:00,14.8
4/4/2022 9:00,11.1
4/4/2022 12:00,7.4
4/4/2022 15:00,6.5
4/4/2022 18:00,5.6
4/4/2022 21:00,4.6
5/4/2022 0:00,3.7
5/4/2022 3:00,7.4
5/4/2022 6:00,7.4
5/4/2022 9:00,11.1
5/4/2022 12:00,5.6
5/4/2022 15:00,3.7
5/4/2022 18:00,3.1
5/4/2022 21:00,2.5
6/4/2022 0:00,1.9
6/4/2022 3:00,9.3
6/4/2022 6:00,7.4
6/4/2022 9:00,13
6/4/2022 12:00,13
6/4/2022 15:00,5.6
6/4/2022 18:00,7.4
6/4/2022 21:00,3.7
7/4/2022 0:00,5.6
7/4/2022 3:00,7.4
7/4/2022 6:00,9.3
7/4/2022 9:00,7.4
7/4/2022 12:00,6.2
7/4/2022 15:00,4.9
7/4/2022 18:00,3.7
7/4/2022 21:00,5.6
8/4/2022 0:00,7.4
8/4/2022 3:00,9.3
8/4/2022 6:00,9.3
8/4/2022 9:00,11.1
8/4/2022 12:00,13
8/4/2022 15:00,3.7
8/4/2022 18:00,7.4
8/4/2022 21:00,10.2
9/4/2022 0:00,13
9/4/2022 3:00,3.7
9/4/2022 6:00,5.6
9/4/2022 9:00,7.4
9/4/2022 12:00,8.6
9/4/2022 15:00,9.9
9/4/2022 18:00,11.1
9/4/2022 21:00,12.3
10/4/2022 0:00,13.6
10/4/2022 3:00,14.8
10/4/2022 6:00,9.3
10/4/2022 9:00,7.4
10/4/2022 12:00,3.7
10/4/2022 15:00,5.2
10/4/2022 18:00,6.7
10/4/2022 21:00,8.1
11/4/2022 0:00,9.6
11/4/2022 3:00,11.1
11/4/2022 6:00,13
11/4/2022 9:00,5.6
11/4/2022 12:00,5.6
11/4/2022 15:00,5.6
11/4/2022 18:00,5.6
11/4/2022 21:00,5.6
12/4/2022 0:00,5.6
12/4/2022 3:00,5.6
12/4/2022 6:00,7.4
12/4/2022 9:00,7.1
12/4/2022 12:00,6.8
12/4/2022 15:00,6.5
12/4/2022 18:00,6.2
12/4/2022 21:00,5.9
13/04/2022 0:00,5.6
13/04/2022 3:00,11.1
13/04/2022 6:00,5.6
13/04/2022 9:00,5.6
13/04/2022 12:00,5.6
13/04/2022 15:00,5.6
13/04/2022 18:00,5.6
13/04/2022 21:00,5.6
14/04/2022 0:00,10.2
14/04/2022 3:00,14.8
14/04/2022 6:00,13
14/04/2022 9:00,13
14/04/2022 12:00,5.6
14/04/2022 15:00,6
14/04/2022 18:00,6.3
14/04/2022 21:00,6.7
15/04/2022 0:00,7
15/04/2022 3:00,7.4
15/04/2022 6:00,9.3
15/04/2022 9:00,13
15/04/2022 12:00,9.3
15/04/2022 15:00,7.9
15/04/2022 18:00,6.5
15/04/2022 21:00,5.1
16/04/2022 0:00,3.7
16/04/2022 3:00,18.5
16/04/2022 6:00,16.7
16/04/2022 9:00,11.1
16/04/2022 12:00,3.7
16/04/2022 15:00,3.7
16/04/2022 18:00,5.6
16/04/2022 21:00,5
17/04/2022 0:00,4.3
17/04/2022 3:00,3.7
17/04/2022 6:00,11.1
17/04/2022 9:00,5.6
17/04/2022 12:00,3.7
17/04/2022 15:00,3.7
17/04/2022 18:00,3.7
17/04/2022 21:00,11.1
18/04/2022 0:00,7.4
18/04/2022 3:00,10.2
18/04/2022 6:00,13
18/04/2022 9:00,11.1
18/04/2022 12:00,5.6
18/04/2022 15:00,6
18/04/2022 18:00,6.3
18/04/2022 21:00,6.7
19/04/2022 0:00,7
19/04/2022 3:00,7.4
19/04/2022 6:00,5.6
19/04/2022 9:00,3.7
19/04/2022 12:00,4.6
19/04/2022 15:00,5.6
19/04/2022 18:00,6.5
19/04/2022 21:00,7.4
20/04/2022 0:00,8.4
20/04/2022 3:00,9.3
20/04/2022 6:00,13
20/04/2022 9:00,13
20/04/2022 12:00,3.7
20/04/2022 15:00,5.6
20/04/2022 18:00,7.4
20/04/2022 21:00,9.3
21/04/2022 0:00,12
21/04/2022 3:00,14.8
21/04/2022 6:00,14.8
21/04/2022 9:00,9.3
21/04/2022 12:00,3.7
21/04/2022 15:00,3.7
21/04/2022 18:00,3.7
21/04/2022 21:00,3.7
22/04/2022 0:00,6.5
22/04/2022 3:00,9.3
22/04/2022 6:00,20.4
22/04/2022 9:00,18.5
22/04/2022 12:00,7.4
22/04/2022 15:00,1.9
22/04/2022 18:00,4.6
22/04/2022 21:00,7.4
23/04/2022 0:00,10.2
23/04/2022 3:00,13
23/04/2022 6:00,9.3
23/04/2022 9:00,16.7
23/04/2022 12:00,15.5
23/04/2022 15:00,14.2
23/04/2022 18:00,13
23/04/2022 21:00,11.8
24/04/2022 0:00,10.5
24/04/2022 3:00,9.3
24/04/2022 6:00,18.5
24/04/2022 9:00,3.7
24/04/2022 12:00,4.3
24/04/2022 15:00,4.9
24/04/2022 18:00,5.6
24/04/2022 21:00,6.2
25/04/2022 0:00,6.8
25/04/2022 3:00,7.4
25/04/2022 6:00,18.5
25/04/2022 9:00,7.4
25/04/2022 12:00,5.6
25/04/2022 15:00,3.7
25/04/2022 18:00,3.7
25/04/2022 21:00,3.7
26/04/2022 0:00,3.7
26/04/2022 3:00,9.3
26/04/2022 6:00,3.7
26/04/2022 9:00,4.6
26/04/2022 12:00,5.6
26/04/2022 15:00,3.7
26/04/2022 18:00,6
26/04/2022 21:00,8.4
27/04/2022 0:00,10.7
27/04/2022 3:00,13
27/04/2022 6:00,7.4
27/04/2022 9:00,5.6
27/04/2022 12:00,3.7
27/04/2022 15:00,3.7
27/04/2022 18:00,3.7
27/04/2022 21:00,4.9
28/04/2022 0:00,6.2
28/04/2022 3:00,7.4
28/04/2022 6:00,14.8
28/04/2022 9:00,14.3
28/04/2022 12:00,13.7
28/04/2022 15:00,13.2
28/04/2022 18:00,12.7
28/04/2022 21:00,12.2
29/04/2022 0:00,11.6
29/04/2022 3:00,11.1
29/04/2022 6:00,24.1
29/04/2022 9:00,9.3
29/04/2022 12:00,5.6
29/04/2022 15:00,6.8
29/04/2022 18:00,8.1
29/04/2022 21:00,9.3
30/04/2022 0:00,3.7
30/04/2022 3:00,9.3
30/04/2022 6:00,7.4
30/04/2022 9:00,9.3
30/04/2022 12:00,5.6
30/04/2022 15:00,5.6
30/04/2022 18:00,4.6
30/04/2022 21:00,3.7
1/5/2022 0:00,9.2
1/5/2022 3:00,14.8
1/5/2022 6:00,14.8
1/5/2022 9:00,13
1/5/2022 12:00,7.4
1/5/2022 15:00,3.7
1/5/2022 18:00,5.6
1/5/2022 21:00,9.3
2/5/2022 0:00,7.4
2/5/2022 3:00,9.3
2/5/2022 6:00,9.3
2/5/2022 9:00,14.8
2/5/2022 12:00,5.6
2/5/2022 15:00,4.6
2/5/2022 18:00,3.7
2/5/2022 21:00,5.6
3/5/2022 0:00,7.4
3/5/2022 3:00,16.7
3/5/2022 6:00,16.7
3/5/2022 9:00,13
3/5/2022 12:00,1.9
3/5/2022 15:00,3.1
3/5/2022 18:00,4.4
3/5/2022 21:00,5.6
4/5/2022 0:00,9.3
4/5/2022 3:00,9.3
4/5/2022 6:00,13
4/5/2022 9:00,14.8
4/5/2022 12:00,9.3
4/5/2022 15:00,10.8
4/5/2022 18:00,12.3
4/5/2022 21:00,13.7
5/5/2022 0:00,15.2
5/5/2022 3:00,16.7
5/5/2022 6:00,9.3
5/5/2022 9:00,11.1
5/5/2022 12:00,3.7
5/5/2022 15:00,3.7
5/5/2022 18:00,3.7
5/5/2022 21:00,4.3
6/5/2022 0:00,5
6/5/2022 3:00,5.6
6/5/2022 6:00,11.1
6/5/2022 9:00,16.7
6/5/2022 12:00,7.4
6/5/2022 15:00,5.6
6/5/2022 18:00,7
6/5/2022 21:00,8.4
7/5/2022 0:00,9.7
7/5/2022 3:00,11.1
7/5/2022 6:00,16.6
7/5/2022 9:00,5.6
7/5/2022 12:00,5.6
7/5/2022 15:00,5.6
7/5/2022 18:00,3.7
7/5/2022 21:00,7.4
8/5/2022 0:00,11.1
8/5/2022 3:00,9.4
8/5/2022 6:00,11.1
8/5/2022 9:00,7.4
8/5/2022 12:00,5.6
8/5/2022 15:00,6.5
8/5/2022 18:00,7.4
8/5/2022 21:00,5.6
9/5/2022 0:00,9.3
9/5/2022 3:00,13
9/5/2022 6:00,14.8
9/5/2022 9:00,13
9/5/2022 12:00,5.6
9/5/2022 15:00,7.4
9/5/2022 18:00,5.6
9/5/2022 21:00,3.7
10/5/2022 0:00,12
10/5/2022 3:00,20.4
10/5/2022 6:00,14.8
10/5/2022 9:00,13
10/5/2022 12:00,7.4
10/5/2022 15:00,8.3
10/5/2022 18:00,9.2
10/5/2022 21:00,10.2
11/5/2022 0:00,11.1
11/5/2022 3:00,9.2
11/5/2022 6:00,7.4
11/5/2022 9:00,5.6
11/5/2022 12:00,5.6
11/5/2022 15:00,5.6
11/5/2022 18:00,5
11/5/2022 21:00,4.3
12/5/2022 0:00,3.7
12/5/2022 3:00,11.1
12/5/2022 6:00,24.1
12/5/2022 9:00,27.8
12/5/2022 12:00,14.8
12/5/2022 15:00,13
12/5/2022 18:00,11.2
12/5/2022 21:00,9.4
13/05/2022 0:00,7.6
13/05/2022 3:00,7.4
13/05/2022 6:00,18.5
13/05/2022 9:00,13
13/05/2022 12:00,3.7
13/05/2022 15:00,3.7
13/05/2022 18:00,3.7
13/05/2022 21:00,6.8
14/05/2022 0:00,9.9
14/05/2022 3:00,13
14/05/2022 6:00,3.7
14/05/2022 9:00,5.6
14/05/2022 12:00,5.6
14/05/2022 15:00,4.6
14/05/2022 18:00,3.7
14/05/2022 21:00,3.7
15/05/2022 0:00,6.5
15/05/2022 3:00,9.3
15/05/2022 6:00,13
15/05/2022 9:00,12
15/05/2022 12:00,11.1
15/05/2022 15:00,7.4
15/05/2022 18:00,3.7
15/05/2022 21:00,9.3
16/05/2022 0:00,9.3
16/05/2022 3:00,14.8
16/05/2022 6:00,20.4
16/05/2022 9:00,16.7
16/05/2022 12:00,7.4
16/05/2022 15:00,5.6
16/05/2022 18:00,3.7
16/05/2022 21:00,7.4
17/05/2022 0:00,11.1
17/05/2022 3:00,14.8
17/05/2022 6:00,18.5
17/05/2022 9:00,11.1
17/05/2022 12:00,7.4
17/05/2022 15:00,9.3
17/05/2022 18:00,11.1
17/05/2022 21:00,13
18/05/2022 0:00,14.8
18/05/2022 3:00,16.7
18/05/2022 6:00,14.8
18/05/2022 9:00,13
18/05/2022 12:00,5.6
18/05/2022 15:00,5.6
18/05/2022 18:00,3.7
18/05/2022 21:00,3.7
19/05/2022 0:00,3.7
19/05/2022 3:00,7.4
19/05/2022 6:00,11.1
19/05/2022 9:00,3.7
19/05/2022 12:00,3.6
19/05/2022 15:00,5.1
19/05/2022 18:00,6.6
19/05/2022 21:00,8.1
20/05/2022 0:00,9.6
20/05/2022 3:00,11.1
20/05/2022 6:00,16.7
20/05/2022 9:00,5.6
20/05/2022 12:00,5.6
20/05/2022 15:00,7.4
20/05/2022 18:00,9.3
20/05/2022 21:00,11.1
21/05/2022 0:00,13
21/05/2022 3:00,14.8
21/05/2022 6:00,18.5
21/05/2022 9:00,7.4
21/05/2022 12:00,10.2
21/05/2022 15:00,13
21/05/2022 18:00,15.7
21/05/2022 21:00,18.5
22/05/2022 0:00,3.7
22/05/2022 3:00,11.1
22/05/2022 6:00,18.5
22/05/2022 9:00,14.8
22/05/2022 12:00,5.6
22/05/2022 15:00,5.6
22/05/2022 18:00,5.6
22/05/2022 21:00,5.6
23/05/2022 0:00,5.6
23/05/2022 3:00,5.6
23/05/2022 6:00,20.4
23/05/2022 9:00,16.7
23/05/2022 12:00,9.3
23/05/2022 15:00,3.7
23/05/2022 18:00,3.7
23/05/2022 21:00,3.7
24/05/2022 0:00,3.7
24/05/2022 3:00,13
24/05/2022 6:00,14.8
24/05/2022 9:00,13
24/05/2022 12:00,5.6
24/05/2022 15:00,3.8
24/05/2022 18:00,1.9
24/05/2022 21:00,5.6
25/05/2022 0:00,4.6
25/05/2022 3:00,3.7
25/05/2022 6:00,27.8
25/05/2022 9:00,11.1
25/05/2022 12:00,5.6
25/05/2022 15:00,5.6
25/05/2022 18:00,5.6
25/05/2022 21:00,5.6
26/05/2022 0:00,5.6
26/05/2022 3:00,5.6
26/05/2022 6:00,11.1
26/05/2022 9:00,18.5
26/05/2022 12:00,3.7
26/05/2022 15:00,3.7
26/05/2022 18:00,3.7
26/05/2022 21:00,3.7
27/05/2022 0:00,3.7
27/05/2022 3:00,5.6
27/05/2022 6:00,11.1
27/05/2022 9:00,13
27/05/2022 12:00,13
27/05/2022 15:00,13
27/05/2022 18:00,13
27/05/2022 21:00,13
28/05/2022 0:00,13
28/05/2022 3:00,13
28/05/2022 6:00,20.4
28/05/2022 9:00,14.8
28/05/2022 12:00,5.6
28/05/2022 15:00,5.1
28/05/2022 18:00,4.6
28/05/2022 21:00,4.2
29/05/2022 0:00,3.7
29/05/2022 3:00,11.1
29/05/2022 6:00,14.8
29/05/2022 9:00,11.1
29/05/2022 12:00,7.4
29/05/2022 15:00,3.7
29/05/2022 18:00,5.6
29/05/2022 21:00,7.4
30/05/2022 0:00,9.2
30/05/2022 3:00,11.1
30/05/2022 6:00,11.3
30/05/2022 9:00,11.5
30/05/2022 12:00,11.7
30/05/2022 15:00,11.9
30/05/2022 18:00,12.2
30/05/2022 21:00,12.4
31/05/2022 0:00,12.6
31/05/2022 3:00,12.8
31/05/2022 6:00,13
31/05/2022 9:00,8.4
31/05/2022 12:00,3.7
31/05/2022 15:00,4.8
31/05/2022 18:00,5.9
31/05/2022 21:00,7.1
1/6/2022 0:00,8.2
1/6/2022 3:00,9.3
1/6/2022 6:00,9.3
1/6/2022 9:00,9.3
1/6/2022 12:00,8.6
1/6/2022 15:00,7.8
1/6/2022 18:00,7.1
1/6/2022 21:00,6.3
2/6/2022 0:00,5.6
2/6/2022 3:00,9.3
2/6/2022 6:00,7.4
2/6/2022 9:00,3.7
2/6/2022 12:00,3.7
2/6/2022 15:00,3.7
2/6/2022 18:00,3.7
2/6/2022 21:00,6.2
3/6/2022 0:00,8.6
3/6/2022 3:00,11.1
3/6/2022 6:00,7.4
3/6/2022 9:00,11.1
3/6/2022 12:00,5.6
3/6/2022 15:00,4.6
3/6/2022 18:00,3.7
3/6/2022 21:00,3.7
4/6/2022 0:00,5.6
4/6/2022 3:00,9.3
4/6/2022 6:00,13
4/6/2022 9:00,7.4
4/6/2022 12:00,9.2
4/6/2022 15:00,11.1
4/6/2022 18:00,13
4/6/2022 21:00,14.8
5/6/2022 0:00,16.6
5/6/2022 3:00,18.5
5/6/2022 6:00,11.1
5/6/2022 9:00,5.6
5/6/2022 12:00,9.3
5/6/2022 15:00,8.8
5/6/2022 18:00,8.4
5/6/2022 21:00,7.9
6/6/2022 0:00,7.4
6/6/2022 3:00,11.1
6/6/2022 6:00,9.3
6/6/2022 9:00,18.5
6/6/2022 12:00,17
6/6/2022 15:00,15.5
6/6/2022 18:00,14.1
6/6/2022 21:00,12.6
7/6/2022 0:00,11.1
7/6/2022 3:00,18.5
7/6/2022 6:00,7.4
7/6/2022 9:00,5.4
7/6/2022 12:00,5.6
7/6/2022 15:00,4.6
7/6/2022 18:00,3.7
7/6/2022 21:00,3.7
8/6/2022 0:00,3.7
8/6/2022 3:00,13
8/6/2022 6:00,5.6
8/6/2022 9:00,7.4
8/6/2022 12:00,5.6
8/6/2022 15:00,7.4
8/6/2022 18:00,5.6
8/6/2022 21:00,3.7
9/6/2022 0:00,4.6
9/6/2022 3:00,5.6
9/6/2022 6:00,5.6
9/6/2022 9:00,3.7
9/6/2022 12:00,5.6
9/6/2022 15:00,5.6
9/6/2022 18:00,6.5
9/6/2022 21:00,7.4
10/6/2022 0:00,8.4
10/6/2022 3:00,9.3
10/6/2022 6:00,9.3
10/6/2022 9:00,5.6
10/6/2022 12:00,3.7
10/6/2022 15:00,4.3
10/6/2022 18:00,5
10/6/2022 21:00,5.6
11/6/2022 0:00,7.4
11/6/2022 3:00,9.3
11/6/2022 6:00,13
11/6/2022 9:00,9.3
11/6/2022 12:00,8.7
11/6/2022 15:00,8.1
11/6/2022 18:00,7.4
11/6/2022 21:00,6.8
12/6/2022 0:00,6.2
12/6/2022 3:00,5.6
12/6/2022 6:00,7.4
12/6/2022 9:00,5.6
12/6/2022 12:00,5
12/6/2022 15:00,4.3
12/6/2022 18:00,3.7
12/6/2022 21:00,3.7
13/06/2022 0:00,3.7
13/06/2022 3:00,3.7
13/06/2022 6:00,11.1
13/06/2022 9:00,3.6
13/06/2022 12:00,3.7
13/06/2022 15:00,3.7
13/06/2022 18:00,5.6
13/06/2022 21:00,7.4
14/06/2022 0:00,9.2
14/06/2022 3:00,11.1
14/06/2022 6:00,13
14/06/2022 9:00,13
14/06/2022 12:00,11.5
14/06/2022 15:00,10
14/06/2022 18:00,8.6
14/06/2022 21:00,7.1
15/06/2022 0:00,5.6
15/06/2022 3:00,14.8
15/06/2022 6:00,11.1
15/06/2022 9:00,16.7
15/06/2022 12:00,14.5
15/06/2022 15:00,12.3
15/06/2022 18:00,10
15/06/2022 21:00,7.8
16/06/2022 0:00,5.6
16/06/2022 3:00,5.6
16/06/2022 6:00,5.6
16/06/2022 9:00,5.6
16/06/2022 12:00,3.7
16/06/2022 15:00,9.3
16/06/2022 18:00,3.7
16/06/2022 21:00,4.9
17/06/2022 0:00,6.2
17/06/2022 3:00,7.4
17/06/2022 6:00,7.4
17/06/2022 9:00,9.3
17/06/2022 12:00,6.5
17/06/2022 15:00,3.7
17/06/2022 18:00,3.7
17/06/2022 21:00,4.9
18/06/2022 0:00,6.2
18/06/2022 3:00,7.4
18/06/2022 6:00,7.4
18/06/2022 9:00,5.6
18/06/2022 12:00,9.3
18/06/2022 15:00,7.4
18/06/2022 18:00,5.6
18/06/2022 21:00,3.7
19/06/2022 0:00,3.7
19/06/2022 3:00,3.7
19/06/2022 6:00,16.7
19/06/2022 9:00,9.3
19/06/2022 12:00,8.2
19/06/2022 15:00,7.1
19/06/2022 18:00,5.9
19/06/2022 21:00,4.8
20/06/2022 0:00,3.7
20/06/2022 3:00,14.8
20/06/2022 6:00,3.7
20/06/2022 9:00,5.6
20/06/2022 12:00,3.7
20/06/2022 15:00,3.7
20/06/2022 18:00,5.6
20/06/2022 21:00,7.4
21/06/2022 0:00,9.2
21/06/2022 3:00,11.1
21/06/2022 6:00,5.6
21/06/2022 9:00,3.7
21/06/2022 12:00,7.4
21/06/2022 15:00,3.7
21/06/2022 18:00,6
21/06/2022 21:00,8.4
22/06/2022 0:00,10.7
22/06/2022 3:00,13
22/06/2022 6:00,18.5
22/06/2022 9:00,16.7
22/06/2022 12:00,13.4
22/06/2022 15:00,10.2
22/06/2022 18:00,7
22/06/2022 21:00,3.7
23/06/2022 0:00,4.9
23/06/2022 3:00,6.2
23/06/2022 6:00,7.4
23/06/2022 9:00,11.1
23/06/2022 12:00,5.6
23/06/2022 15:00,3.7
23/06/2022 18:00,4.6
23/06/2022 21:00,5.6
24/06/2022 0:00,7.4
24/06/2022 3:00,11.1
24/06/2022 6:00,13
24/06/2022 9:00,14.8
24/06/2022 12:00,3.7
24/06/2022 15:00,3.7
24/06/2022 18:00,3.7
24/06/2022 21:00,3.7
25/06/2022 0:00,3.7
25/06/2022 3:00,18.5
25/06/2022 6:00,11.1
25/06/2022 9:00,7.4
25/06/2022 12:00,3.7
25/06/2022 15:00,6.7
25/06/2022 18:00,9.6
25/06/2022 21:00,12.6
26/06/2022 0:00,15.5
26/06/2022 3:00,18.5
26/06/2022 6:00,18.5
26/06/2022 9:00,13
26/06/2022 12:00,12.7
26/06/2022 15:00,12.4
26/06/2022 18:00,12
26/06/2022 21:00,11.7
27/06/2022 0:00,11.4
27/06/2022 3:00,11.1
27/06/2022 6:00,7.4
27/06/2022 9:00,11.1
27/06/2022 12:00,3.7
27/06/2022 15:00,7
27/06/2022 18:00,10.4
27/06/2022 21:00,13.7
28/06/2022 0:00,17.1
28/06/2022 3:00,20.4
28/06/2022 6:00,14.8
28/06/2022 9:00,7.4
28/06/2022 12:00,3.7
28/06/2022 15:00,3.7
28/06/2022 18:00,3.7
28/06/2022 21:00,3.7
29/06/2022 0:00,11.1
29/06/2022 3:00,18.5
29/06/2022 6:00,20.4
29/06/2022 9:00,14.8
29/06/2022 12:00,3.7
29/06/2022 15:00,1.9
29/06/2022 18:00,1.9
29/06/2022 21:00,7.4
30/06/2022 0:00,7.4
30/06/2022 3:00,13
30/06/2022 6:00,13
30/06/2022 9:00,9.3
30/06/2022 12:00,9.6
30/06/2022 15:00,9.9
30/06/2022 18:00,10.2
30/06/2022 21:00,10.5
1/7/2022 0:00,10.8
1/7/2022 3:00,11.1
1/7/2022 6:00,16.7
1/7/2022 9:00,14.8
1/7/2022 12:00,7.4
1/7/2022 15:00,6.5
1/7/2022 18:00,5.6
1/7/2022 21:00,5.6
2/7/2022 0:00,5.6
2/7/2022 3:00,20.4
2/7/2022 6:00,16.7
2/7/2022 9:00,13
2/7/2022 12:00,3.7
2/7/2022 15:00,3.7
2/7/2022 18:00,3.7
2/7/2022 21:00,6.8
3/7/2022 0:00,9.9
3/7/2022 3:00,13
3/7/2022 6:00,14.8
3/7/2022 9:00,16.7
3/7/2022 12:00,5.6
3/7/2022 15:00,7.8
3/7/2022 18:00,10
3/7/2022 21:00,12.3
4/7/2022 0:00,14.5
4/7/2022 3:00,16.7
4/7/2022 6:00,18.5
4/7/2022 9:00,14.8
4/7/2022 12:00,5.6
4/7/2022 15:00,5.6
4/7/2022 18:00,6.5
4/7/2022 21:00,7.4
5/7/2022 0:00,8.4
5/7/2022 3:00,9.3
5/7/2022 6:00,13
5/7/2022 9:00,7.4
5/7/2022 12:00,7.4
5/7/2022 15:00,7.4
5/7/2022 18:00,9.2
5/7/2022 21:00,11.1
6/7/2022 0:00,5.6
6/7/2022 3:00,14.8
6/7/2022 6:00,11.1
6/7/2022 9:00,11.1
6/7/2022 12:00,5.6
6/7/2022 15:00,6.2
6/7/2022 18:00,6.8
6/7/2022 21:00,7.4
7/7/2022 0:00,13
7/7/2022 3:00,18.5
7/7/2022 6:00,18.5
7/7/2022 9:00,18.5
7/7/2022 12:00,3.7
7/7/2022 15:00,5.6
7/7/2022 18:00,6.8
7/7/2022 21:00,8.1
8/7/2022 0:00,9.3
8/7/2022 3:00,9.3
8/7/2022 6:00,25.9
8/7/2022 9:00,16.7
8/7/2022 12:00,3.7
8/7/2022 15:00,6.7
8/7/2022 18:00,9.6
8/7/2022 21:00,12.6
9/7/2022 0:00,15.5
9/7/2022 3:00,18.5
9/7/2022 6:00,18.5
9/7/2022 9:00,9.3
9/7/2022 12:00,3.7
9/7/2022 15:00,3.7
9/7/2022 18:00,3.7
9/7/2022 21:00,3.7
10/7/2022 0:00,17.6
10/7/2022 3:00,31.5
10/7/2022 6:00,13
10/7/2022 9:00,16.7
10/7/2022 12:00,5.6
10/7/2022 15:00,6.7
10/7/2022 18:00,7.8
10/7/2022 21:00,8.9
11/7/2022 0:00,10
11/7/2022 3:00,11.1
11/7/2022 6:00,16.7
11/7/2022 9:00,14.8
11/7/2022 12:00,3.7
11/7/2022 15:00,6.3
11/7/2022 18:00,8.9
11/7/2022 21:00,11.5
12/7/2022 0:00,14.1
12/7/2022 3:00,16.7
12/7/2022 6:00,25.9
12/7/2022 9:00,16.7
12/7/2022 12:00,9.3
12/7/2022 15:00,9.7
12/7/2022 18:00,10
12/7/2022 21:00,10.4
13/07/2022 0:00,10.7
13/07/2022 3:00,11.1
13/07/2022 6:00,11.1
13/07/2022 9:00,13
13/07/2022 12:00,5.6
13/07/2022 15:00,3.7
13/07/2022 18:00,8.4
13/07/2022 21:00,13
14/07/2022 0:00,3.7
14/07/2022 3:00,7.4
14/07/2022 6:00,7.4
14/07/2022 9:00,7.4
14/07/2022 12:00,5.6
14/07/2022 15:00,9.3
14/07/2022 18:00,1.9
14/07/2022 21:00,4.6
15/07/2022 0:00,7.4
15/07/2022 3:00,14.8
15/07/2022 6:00,14.8
15/07/2022 9:00,16.7
15/07/2022 12:00,14.5
15/07/2022 15:00,12.3
15/07/2022 18:00,10
15/07/2022 21:00,7.8
16/07/2022 0:00,5.6
16/07/2022 3:00,13.9
16/07/2022 6:00,22.2
16/07/2022 9:00,22.2
16/07/2022 12:00,9.3
16/07/2022 15:00,5.4
16/07/2022 18:00,6.4
16/07/2022 21:00,7.4
17/07/2022 0:00,7.4
17/07/2022 3:00,16.7
17/07/2022 6:00,16.7
17/07/2022 9:00,16.7
17/07/2022 12:00,7.4
17/07/2022 15:00,7.4
17/07/2022 18:00,6.2
17/07/2022 21:00,4.9
18/07/2022 0:00,3.7
18/07/2022 3:00,16.7
18/07/2022 6:00,20.4
18/07/2022 9:00,13
18/07/2022 12:00,7.4
18/07/2022 15:00,7.4
18/07/2022 18:00,7.4
18/07/2022 21:00,11.1
19/07/2022 0:00,14.8
19/07/2022 3:00,18.5
19/07/2022 6:00,14.8
19/07/2022 9:00,14.8
19/07/2022 12:00,7.4
19/07/2022 15:00,7.4
19/07/2022 18:00,3.7
19/07/2022 21:00,7.4
20/07/2022 0:00,3.7
20/07/2022 3:00,5.6
20/07/2022 6:00,7.4
20/07/2022 9:00,13
20/07/2022 12:00,13
20/07/2022 15:00,13
20/07/2022 18:00,13
20/07/2022 21:00,13
21/07/2022 0:00,13
21/07/2022 3:00,13
21/07/2022 6:00,14.8
21/07/2022 9:00,14.8
21/07/2022 12:00,9.3
21/07/2022 15:00,9.8
21/07/2022 18:00,10.2
21/07/2022 21:00,10.7
22/07/2022 0:00,11.2
22/07/2022 3:00,11.1
22/07/2022 6:00,11.1
22/07/2022 9:00,5.6
22/07/2022 12:00,3.7
22/07/2022 15:00,4.1
22/07/2022 18:00,4.5
22/07/2022 21:00,4.8
23/07/2022 0:00,5.2
23/07/2022 3:00,5.6
23/07/2022 6:00,5.6
23/07/2022 9:00,7.4
23/07/2022 12:00,5.6
23/07/2022 15:00,6.3
23/07/2022 18:00,7.1
23/07/2022 21:00,7.8
24/07/2022 0:00,8.6
24/07/2022 3:00,9.3
24/07/2022 6:00,3.7
24/07/2022 9:00,5.6
24/07/2022 12:00,3.7
24/07/2022 15:00,5.6
24/07/2022 18:00,5.6
24/07/2022 21:00,5.6
25/07/2022 0:00,5.6
25/07/2022 3:00,5.6
25/07/2022 6:00,9.3
25/07/2022 9:00,3.7
25/07/2022 12:00,7.4
25/07/2022 15:00,10.5
25/07/2022 18:00,13.6
25/07/2022 21:00,16.7
26/07/2022 0:00,3.7
26/07/2022 3:00,3.7
26/07/2022 6:00,13
26/07/2022 9:00,5.6
26/07/2022 12:00,4.6
26/07/2022 15:00,3.7
26/07/2022 18:00,7.4
26/07/2022 21:00,11.1
27/07/2022 0:00,14.8
27/07/2022 3:00,18.5
27/07/2022 6:00,18.5
27/07/2022 9:00,20.4
27/07/2022 12:00,5.6
27/07/2022 15:00,6.5
27/07/2022 18:00,7.4
27/07/2022 21:00,5.6
28/07/2022 0:00,7.4
28/07/2022 3:00,18.5
28/07/2022 6:00,18.5
28/07/2022 9:00,14.8
28/07/2022 12:00,3.7
28/07/2022 15:00,6.3
28/07/2022 18:00,8.9
28/07/2022 21:00,11.5
29/07/2022 0:00,14.1
29/07/2022 3:00,16.7
29/07/2022 6:00,13
29/07/2022 9:00,14.8
29/07/2022 12:00,29.6
29/07/2022 15:00,9.3
29/07/2022 18:00,3.7
29/07/2022 21:00,3.7
30/07/2022 0:00,14.8
30/07/2022 3:00,14.8
30/07/2022 6:00,22.2
30/07/2022 9:00,13
30/07/2022 12:00,11.1
30/07/2022 15:00,9.3
30/07/2022 18:00,7.4
30/07/2022 21:00,5.6
31/07/2022 0:00,11.1
31/07/2022 3:00,16.7
31/07/2022 6:00,16.7
31/07/2022 9:00,13
31/07/2022 12:00,5.6
31/07/2022 15:00,5.6
31/07/2022 18:00,8.8
31/07/2022 21:00,12
1/8/2022 0:00,15.3
1/8/2022 3:00,18.5
1/8/2022 6:00,11.1
1/8/2022 9:00,3.6
1/8/2022 12:00,3.7
1/8/2022 15:00,4.6
1/8/2022 18:00,5.6
1/8/2022 21:00,9.3
2/8/2022 0:00,13
2/8/2022 3:00,16.7
2/8/2022 6:00,31.5
2/8/2022 9:00,7.4
2/8/2022 12:00,3.7
2/8/2022 15:00,3.7
2/8/2022 18:00,3.7
2/8/2022 21:00,3.7
3/8/2022 0:00,7.4
3/8/2022 3:00,11.1
3/8/2022 6:00,20.4
3/8/2022 9:00,13
3/8/2022 12:00,9.3
3/8/2022 15:00,7.4
3/8/2022 18:00,5.6
3/8/2022 21:00,3.7
4/8/2022 0:00,3.7
4/8/2022 3:00,5.6
4/8/2022 6:00,7.4
4/8/2022 9:00,3.7
4/8/2022 12:00,5.6
4/8/2022 15:00,7.4
4/8/2022 18:00,9.3
4/8/2022 21:00,11.1
5/8/2022 0:00,13
5/8/2022 3:00,13
5/8/2022 6:00,14.8
5/8/2022 9:00,9.3
5/8/2022 12:00,10.8
5/8/2022 15:00,12.4
5/8/2022 18:00,13.9
5/8/2022 21:00,15.4
6/8/2022 0:00,17
6/8/2022 3:00,18.5
6/8/2022 6:00,24.1
6/8/2022 9:00,18.5
6/8/2022 12:00,7.4
6/8/2022 15:00,3.7
6/8/2022 18:00,5.4
6/8/2022 21:00,12.2
7/8/2022 0:00,19.1
7/8/2022 3:00,25.9
7/8/2022 6:00,20.4
7/8/2022 9:00,18.5
7/8/2022 12:00,7.4
7/8/2022 15:00,5.6
7/8/2022 18:00,7.4
7/8/2022 21:00,5.6
8/8/2022 0:00,13.9
8/8/2022 3:00,22.2
8/8/2022 6:00,22.2
8/8/2022 9:00,14.8
8/8/2022 12:00,9.3
8/8/2022 15:00,3.7
8/8/2022 18:00,3.7
8/8/2022 21:00,8
9/8/2022 0:00,12.4
9/8/2022 3:00,16.7
9/8/2022 6:00,18.5
9/8/2022 9:00,22.2
9/8/2022 12:00,7.4
9/8/2022 15:00,5.6
9/8/2022 18:00,9.8
9/8/2022 21:00,13.9
10/8/2022 0:00,18
10/8/2022 3:00,22.2
10/8/2022 6:00,20.4
10/8/2022 9:00,20.4
10/8/2022 12:00,9.3
10/8/2022 15:00,5.6
10/8/2022 18:00,8.8
10/8/2022 21:00,12
11/8/2022 0:00,15.3
11/8/2022 3:00,18.5
11/8/2022 6:00,18.5
11/8/2022 9:00,18.5
11/8/2022 12:00,5.6
11/8/2022 15:00,5.6
11/8/2022 18:00,5.6
11/8/2022 21:00,4.6
12/8/2022 0:00,3.7
12/8/2022 3:00,20.4
12/8/2022 6:00,11.1
12/8/2022 9:00,7.4
12/8/2022 12:00,9.3
12/8/2022 15:00,3.7
12/8/2022 18:00,3.7
12/8/2022 21:00,3.7
13/08/2022 0:00,9.9
13/08/2022 3:00,16
13/08/2022 6:00,22.2
13/08/2022 9:00,9.3
13/08/2022 12:00,11.1
13/08/2022 15:00,8.6
13/08/2022 18:00,6.2
13/08/2022 21:00,3.7
14/08/2022 0:00,5.6
14/08/2022 3:00,7.4
14/08/2022 6:00,9.3
14/08/2022 9:00,9.3
14/08/2022 12:00,3.7
14/08/2022 15:00,5.9
14/08/2022 18:00,8.1
14/08/2022 21:00,10.4
15/08/2022 0:00,12.6
15/08/2022 3:00,14.8
15/08/2022 6:00,22.2
15/08/2022 9:00,18.5
15/08/2022 12:00,16.4
15/08/2022 15:00,14.2
15/08/2022 18:00,12
15/08/2022 21:00,9.9
16/08/2022 0:00,7.8
16/08/2022 3:00,5.6
16/08/2022 6:00,7.4
16/08/2022 9:00,6.2
16/08/2022 12:00,4.9
16/08/2022 15:00,3.7
16/08/2022 18:00,3.7
16/08/2022 21:00,3.7
17/08/2022 0:00,3.7
17/08/2022 3:00,18.5
17/08/2022 6:00,18.5
17/08/2022 9:00,22.2
17/08/2022 12:00,7.4
17/08/2022 15:00,5.6
17/08/2022 18:00,7.4
17/08/2022 21:00,3.7
18/08/2022 0:00,7.4
18/08/2022 3:00,16.7
18/08/2022 6:00,16.7
18/08/2022 9:00,14.8
18/08/2022 12:00,7.4
18/08/2022 15:00,5.6
18/08/2022 18:00,9.3
18/08/2022 21:00,3.7
19/08/2022 0:00,10.2
19/08/2022 3:00,16.7
19/08/2022 6:00,18.5
19/08/2022 9:00,1.9
19/08/2022 12:00,5.6
19/08/2022 15:00,11.1
19/08/2022 18:00,12
19/08/2022 21:00,13
20/08/2022 0:00,13.9
20/08/2022 3:00,14.8
20/08/2022 6:00,18.5
20/08/2022 9:00,16.7
20/08/2022 12:00,5.6
20/08/2022 15:00,6.2
20/08/2022 18:00,6.8
20/08/2022 21:00,7.4
21/08/2022 0:00,5.4
21/08/2022 3:00,20.4
21/08/2022 6:00,16.7
21/08/2022 9:00,11.1
21/08/2022 12:00,3.7
21/08/2022 15:00,6.8
21/08/2022 18:00,9.9
21/08/2022 21:00,13
22/08/2022 0:00,7.4
22/08/2022 3:00,18.5
22/08/2022 6:00,18.5
22/08/2022 9:00,13
22/08/2022 12:00,5.6
22/08/2022 15:00,7.4
22/08/2022 18:00,7.4
22/08/2022 21:00,3.7
23/08/2022 0:00,5.6
23/08/2022 3:00,13
23/08/2022 6:00,13
23/08/2022 9:00,11.1
23/08/2022 12:00,3.7
23/08/2022 15:00,5.6
23/08/2022 18:00,3.7
23/08/2022 21:00,4.9
24/08/2022 0:00,6.2
24/08/2022 3:00,7.4
24/08/2022 6:00,20.4
24/08/2022 9:00,9.3
24/08/2022 12:00,5.6
24/08/2022 15:00,5.6
24/08/2022 18:00,5.6
24/08/2022 21:00,5.6
25/08/2022 0:00,11.1
25/08/2022 3:00,20.4
25/08/2022 6:00,9.3
25/08/2022 9:00,20.4
25/08/2022 12:00,13
25/08/2022 15:00,8.4
25/08/2022 18:00,3.7
25/08/2022 21:00,4.6
26/08/2022 0:00,5.6
26/08/2022 3:00,7.4
26/08/2022 6:00,7.4
26/08/2022 9:00,9.4
26/08/2022 12:00,7.5
26/08/2022 15:00,5.6
26/08/2022 18:00,5
26/08/2022 21:00,4.3
27/08/2022 0:00,3.7
27/08/2022 3:00,5.6
27/08/2022 6:00,9.3
27/08/2022 9:00,13
27/08/2022 12:00,5.6
27/08/2022 15:00,3.7
27/08/2022 18:00,3.7
27/08/2022 21:00,5
28/08/2022 0:00,6.3
28/08/2022 3:00,7.6
28/08/2022 6:00,7.4
28/08/2022 9:00,7.4
28/08/2022 12:00,5.6
28/08/2022 15:00,3.7
28/08/2022 18:00,3.7
28/08/2022 21:00,4.6
29/08/2022 0:00,5.6
29/08/2022 3:00,3.7
29/08/2022 6:00,18.5
29/08/2022 9:00,7.4
29/08/2022 12:00,7.4
29/08/2022 15:00,7.9
29/08/2022 18:00,8.4
29/08/2022 21:00,8.8
30/08/2022 0:00,9.3
30/08/2022 3:00,13
30/08/2022 6:00,7.4
30/08/2022 9:00,7.4
30/08/2022 12:00,8
30/08/2022 15:00,8.6
30/08/2022 18:00,9.2
30/08/2022 21:00,9.9
31/08/2022 0:00,10.5
31/08/2022 3:00,11.1
31/08/2022 6:00,5.6
31/08/2022 9:00,14.8
31/08/2022 12:00,5.6
31/08/2022 15:00,5
31/08/2022 18:00,4.3
31/08/2022 21:00,3.7
1/9/2022 0:00,6.5
1/9/2022 3:00,9.3
1/9/2022 6:00,20.4
1/9/2022 9:00,5.6
1/9/2022 12:00,5
1/9/2022 15:00,4.3
1/9/2022 18:00,3.7
1/9/2022 21:00,4.3
2/9/2022 0:00,5
2/9/2022 3:00,5.6
2/9/2022 6:00,14.8
2/9/2022 9:00,9.3
2/9/2022 12:00,5.6
2/9/2022 15:00,9.3
2/9/2022 18:00,3.7
2/9/2022 21:00,8.6
3/9/2022 0:00,13.6
3/9/2022 3:00,18.5
3/9/2022 6:00,24.1
3/9/2022 9:00,14.8
3/9/2022 12:00,12
3/9/2022 15:00,9.2
3/9/2022 18:00,6.5
3/9/2022 21:00,3.7
4/9/2022 0:00,13.9
4/9/2022 3:00,24.1
4/9/2022 6:00,9.3
4/9/2022 9:00,9.3
4/9/2022 12:00,5.6
4/9/2022 15:00,3.7
4/9/2022 18:00,5.1
4/9/2022 21:00,6.5
5/9/2022 0:00,7.9
5/9/2022 3:00,9.3
5/9/2022 6:00,33.4
5/9/2022 9:00,5.6
5/9/2022 12:00,6.5
5/9/2022 15:00,7.4
5/9/2022 18:00,6.5
5/9/2022 21:00,5.6
6/9/2022 0:00,1.9
6/9/2022 3:00,14.8
6/9/2022 6:00,20.4
6/9/2022 9:00,13
6/9/2022 12:00,5.6
6/9/2022 15:00,4.6
6/9/2022 18:00,3.7
6/9/2022 21:00,5.6
7/9/2022 0:00,10.2
7/9/2022 3:00,14.8
7/9/2022 6:00,5.6
7/9/2022 9:00,11.1
7/9/2022 12:00,7.4
7/9/2022 15:00,3.7
7/9/2022 18:00,1.9
7/9/2022 21:00,3.7
8/9/2022 0:00,5.6
8/9/2022 3:00,7.4
8/9/2022 6:00,11.1
8/9/2022 9:00,9.3
8/9/2022 12:00,7.4
8/9/2022 15:00,5.6
8/9/2022 18:00,6.5
8/9/2022 21:00,7.4
9/9/2022 0:00,8.4
9/9/2022 3:00,9.3
9/9/2022 6:00,5.6
9/9/2022 9:00,5.6
9/9/2022 12:00,3.7
9/9/2022 15:00,9.3
9/9/2022 18:00,5.6
9/9/2022 21:00,5.6
10/9/2022 0:00,5.6
10/9/2022 3:00,18.5
10/9/2022 6:00,24.1
10/9/2022 9:00,14.8
10/9/2022 12:00,7.4
10/9/2022 15:00,7.4
10/9/2022 18:00,7.4
10/9/2022 21:00,7.4
11/9/2022 0:00,7.4
11/9/2022 3:00,13
11/9/2022 6:00,13
11/9/2022 9:00,13
11/9/2022 12:00,3.7
11/9/2022 15:00,5.6
11/9/2022 18:00,3.7
11/9/2022 21:00,3.7
12/9/2022 0:00,8.4
12/9/2022 3:00,13
12/9/2022 6:00,9.3
12/9/2022 9:00,9.3
12/9/2022 12:00,5.6
12/9/2022 15:00,7.4
12/9/2022 18:00,9.3
12/9/2022 21:00,11.1
13/09/2022 0:00,13
13/09/2022 3:00,14.8
13/09/2022 6:00,9.3
13/09/2022 9:00,11.1
13/09/2022 12:00,7.4
13/09/2022 15:00,7
13/09/2022 18:00,6.5
13/09/2022 21:00,6
14/09/2022 0:00,5.6
14/09/2022 3:00,13
14/09/2022 6:00,13
14/09/2022 9:00,5.6
14/09/2022 12:00,3.7
14/09/2022 15:00,9.3
14/09/2022 18:00,7.4
14/09/2022 21:00,5.6
15/09/2022 0:00,3.7
15/09/2022 3:00,13
15/09/2022 6:00,24.1
15/09/2022 9:00,9.3
15/09/2022 12:00,8.2
15/09/2022 15:00,7.1
15/09/2022 18:00,5.9
15/09/2022 21:00,4.8
16/09/2022 0:00,3.7
16/09/2022 3:00,9.3
16/09/2022 6:00,14.8
16/09/2022 9:00,18.5
16/09/2022 12:00,5.6
16/09/2022 15:00,7.4
16/09/2022 18:00,5.6
16/09/2022 21:00,3.7
17/09/2022 0:00,9.2
17/09/2022 3:00,14.8
17/09/2022 6:00,9.3
17/09/2022 9:00,16.7
17/09/2022 12:00,5.6
17/09/2022 15:00,3.7
17/09/2022 18:00,7.4
17/09/2022 21:00,11.1
18/09/2022 0:00,14.8
18/09/2022 3:00,9.3
18/09/2022 6:00,37.1
18/09/2022 9:00,3.7
18/09/2022 12:00,6.5
18/09/2022 15:00,9.2
18/09/2022 18:00,12
18/09/2022 21:00,14.8
19/09/2022 0:00,13.9
19/09/2022 3:00,13
19/09/2022 6:00,14.8
19/09/2022 9:00,11.1
19/09/2022 12:00,3.7
19/09/2022 15:00,3.7
19/09/2022 18:00,3.7
19/09/2022 21:00,3.7
20/09/2022 0:00,6.5
20/09/2022 3:00,9.3
20/09/2022 6:00,7.4
20/09/2022 9:00,9.3
20/09/2022 12:00,8.2
20/09/2022 15:00,7.1
20/09/2022 18:00,5.9
20/09/2022 21:00,4.8
21/09/2022 0:00,3.7
21/09/2022 3:00,14.8
21/09/2022 6:00,16.7
21/09/2022 9:00,13
21/09/2022 12:00,5.6
21/09/2022 15:00,4.6
21/09/2022 18:00,3.7
21/09/2022 21:00,3.7
22/09/2022 0:00,9.2
22/09/2022 3:00,14.8
22/09/2022 6:00,20.4
22/09/2022 9:00,11.1
22/09/2022 12:00,3.6
22/09/2022 15:00,3.7
22/09/2022 18:00,3.7
22/09/2022 21:00,1.9
23/09/2022 0:00,4.6
23/09/2022 3:00,7.4
23/09/2022 6:00,18.5
23/09/2022 9:00,16.7
23/09/2022 12:00,13.6
23/09/2022 15:00,10.5
23/09/2022 18:00,7.4
23/09/2022 21:00,13
24/09/2022 0:00,18.5
24/09/2022 3:00,24.1
24/09/2022 6:00,14.8
24/09/2022 9:00,18.5
24/09/2022 12:00,9.3
24/09/2022 15:00,5.6
24/09/2022 18:00,5.6
24/09/2022 21:00,5.6
25/09/2022 0:00,5.6
25/09/2022 3:00,20.4
25/09/2022 6:00,14.8
25/09/2022 9:00,13
25/09/2022 12:00,7.4
25/09/2022 15:00,5.6
25/09/2022 18:00,11.1
25/09/2022 21:00,8.4
26/09/2022 0:00,5.6
26/09/2022 3:00,13
26/09/2022 6:00,25.9
26/09/2022 9:00,13
26/09/2022 12:00,5.6
26/09/2022 15:00,3.7
26/09/2022 18:00,3.7
26/09/2022 21:00,6
27/09/2022 0:00,8.4
27/09/2022 3:00,10.7
27/09/2022 6:00,13
27/09/2022 9:00,13
27/09/2022 12:00,3.7
27/09/2022 15:00,3.7
27/09/2022 18:00,5.1
27/09/2022 21:00,6.5
28/09/2022 0:00,7.9
28/09/2022 3:00,9.3
28/09/2022 6:00,16.7
28/09/2022 9:00,14.8
28/09/2022 12:00,14.2
28/09/2022 15:00,13.6
28/09/2022 18:00,13
28/09/2022 21:00,12.3
29/09/2022 0:00,11.7
29/09/2022 3:00,11.1
29/09/2022 6:00,13
29/09/2022 9:00,14.8
29/09/2022 12:00,3.7
29/09/2022 15:00,5.2
29/09/2022 18:00,6.7
29/09/2022 21:00,8.1
30/09/2022 0:00,9.6
30/09/2022 3:00,11.1
30/09/2022 6:00,14.8
30/09/2022 9:00,13
30/09/2022 12:00,5.6
30/09/2022 15:00,5.6
30/09/2022 18:00,6
30/09/2022 21:00,6.5
1/10/2022 0:00,7
1/10/2022 3:00,7.4
1/10/2022 6:00,9.3
1/10/2022 9:00,14.8
1/10/2022 12:00,9.2
1/10/2022 15:00,3.7
1/10/2022 18:00,7.4
1/10/2022 21:00,5.6
2/10/2022 0:00,8.4
2/10/2022 3:00,11.1
2/10/2022 6:00,9.3
2/10/2022 9:00,5.6
2/10/2022 12:00,3.7
2/10/2022 15:00,3.7
2/10/2022 18:00,3.7
2/10/2022 21:00,3.7
3/10/2022 0:00,6.5
3/10/2022 3:00,9.3
3/10/2022 6:00,9.3
3/10/2022 9:00,3.7
3/10/2022 12:00,3.7
3/10/2022 15:00,3.7
3/10/2022 18:00,3.7
3/10/2022 21:00,3.7
4/10/2022 0:00,3.7
4/10/2022 3:00,3.7
4/10/2022 6:00,3.7
4/10/2022 9:00,13
4/10/2022 12:00,3.6
4/10/2022 15:00,3.7
4/10/2022 18:00,3.7
4/10/2022 21:00,10.2
5/10/2022 0:00,16.7
5/10/2022 3:00,7.4
5/10/2022 6:00,9.3
5/10/2022 9:00,7.4
5/10/2022 12:00,5.6
5/10/2022 15:00,3.7
5/10/2022 18:00,3.7
5/10/2022 21:00,3.7
6/10/2022 0:00,5.6
6/10/2022 3:00,7.4
6/10/2022 6:00,9.3
6/10/2022 9:00,5.6
6/10/2022 12:00,7.4
6/10/2022 15:00,7
6/10/2022 18:00,6.5
6/10/2022 21:00,6
7/10/2022 0:00,5.6
7/10/2022 3:00,9.3
7/10/2022 6:00,8.2
7/10/2022 9:00,7.1
7/10/2022 12:00,5.9
7/10/2022 15:00,4.8
7/10/2022 18:00,3.7
7/10/2022 21:00,8.6
8/10/2022 0:00,13.6
8/10/2022 3:00,18.5
8/10/2022 6:00,13
8/10/2022 9:00,9.3
8/10/2022 12:00,8.4
8/10/2022 15:00,7.4
8/10/2022 18:00,6.5
8/10/2022 21:00,5.6
9/10/2022 0:00,4.6
9/10/2022 3:00,3.7
9/10/2022 6:00,3.7
9/10/2022 9:00,3.7
9/10/2022 12:00,5.6
9/10/2022 15:00,3.7
9/10/2022 18:00,3.7
9/10/2022 21:00,18.5
10/10/2022 0:00,11.1
10/10/2022 3:00,11.1
10/10/2022 6:00,5.6
10/10/2022 9:00,7.4
10/10/2022 12:00,5.6
10/10/2022 15:00,3.7
10/10/2022 18:00,3.7
10/10/2022 21:00,3.7
11/10/2022 0:00,5.6
11/10/2022 3:00,7.4
11/10/2022 6:00,9.3
11/10/2022 9:00,7.4
11/10/2022 12:00,6.5
11/10/2022 15:00,5.6
11/10/2022 18:00,20.4
11/10/2022 21:00,3.7
12/10/2022 0:00,7.4
12/10/2022 3:00,13
12/10/2022 6:00,3.7
12/10/2022 9:00,5.6
12/10/2022 12:00,7.4
12/10/2022 15:00,3.7
12/10/2022 18:00,6
12/10/2022 21:00,8.4
13/10/2022 0:00,10.7
13/10/2022 3:00,13
13/10/2022 6:00,14.8
13/10/2022 9:00,5.6
13/10/2022 12:00,5.2
13/10/2022 15:00,4.8
13/10/2022 18:00,4.5
13/10/2022 21:00,4.1
14/10/2022 0:00,3.7
14/10/2022 3:00,9.3
14/10/2022 6:00,18.5
14/10/2022 9:00,5.6
14/10/2022 12:00,5.6
14/10/2022 15:00,7.4
14/10/2022 18:00,5.6
14/10/2022 21:00,5.6
15/10/2022 0:00,5.6
15/10/2022 3:00,5.6
15/10/2022 6:00,16.7
15/10/2022 9:00,14.8
15/10/2022 12:00,5.6
15/10/2022 15:00,3.7
15/10/2022 18:00,9.3
15/10/2022 21:00,7.4
16/10/2022 0:00,5.6
16/10/2022 3:00,9.3
16/10/2022 6:00,9.3
16/10/2022 9:00,8.2
16/10/2022 12:00,7.1
16/10/2022 15:00,5.9
16/10/2022 18:00,4.8
16/10/2022 21:00,3.7
17/10/2022 0:00,7.4
17/10/2022 3:00,7.4
17/10/2022 6:00,18.5
17/10/2022 9:00,9.4
17/10/2022 12:00,3.7
17/10/2022 15:00,3.7
17/10/2022 18:00,3.7
17/10/2022 21:00,3.7
18/10/2022 0:00,8.4
18/10/2022 3:00,13
18/10/2022 6:00,7.4
18/10/2022 9:00,3.7
18/10/2022 12:00,5.6
18/10/2022 15:00,5.1
18/10/2022 18:00,4.6
18/10/2022 21:00,4.2
19/10/2022 0:00,3.7
19/10/2022 3:00,13
19/10/2022 6:00,18.5
19/10/2022 9:00,7.4
19/10/2022 12:00,3.7
19/10/2022 15:00,6
19/10/2022 18:00,8.4
19/10/2022 21:00,10.7
20/10/2022 0:00,13
20/10/2022 3:00,13
20/10/2022 6:00,20.4
20/10/2022 9:00,9.3
20/10/2022 12:00,5.6
20/10/2022 15:00,3.7
20/10/2022 18:00,3.7
20/10/2022 21:00,3.7
21/10/2022 0:00,3.7
21/10/2022 3:00,7.4
21/10/2022 6:00,13
21/10/2022 9:00,5.6
21/10/2022 12:00,3.7
21/10/2022 15:00,3.7
21/10/2022 18:00,5.6
21/10/2022 21:00,7.4
22/10/2022 0:00,9.2
22/10/2022 3:00,11.1
22/10/2022 6:00,7.4
22/10/2022 9:00,11.1
22/10/2022 12:00,14.8
22/10/2022 15:00,11.1
22/10/2022 18:00,11.1
22/10/2022 21:00,3.7
23/10/2022 0:00,7.4
23/10/2022 3:00,20.4
23/10/2022 6:00,20.4
23/10/2022 9:00,3.7
23/10/2022 12:00,3.7
23/10/2022 15:00,3.7
23/10/2022 18:00,3.7
23/10/2022 21:00,3.7
24/10/2022 0:00,7.4
24/10/2022 3:00,7.4
24/10/2022 6:00,3.7
24/10/2022 9:00,3.7
24/10/2022 12:00,3.7
24/10/2022 15:00,3.7
24/10/2022 18:00,3.7
24/10/2022 21:00,3.7
25/10/2022 0:00,3.7
25/10/2022 3:00,3.7
25/10/2022 6:00,3.7
25/10/2022 9:00,13
25/10/2022 12:00,3.7
25/10/2022 15:00,3.7
25/10/2022 18:00,3.7
25/10/2022 21:00,7.4
26/10/2022 0:00,13
26/10/2022 3:00,7.4
26/10/2022 6:00,14.8
26/10/2022 9:00,9.3
26/10/2022 12:00,3.7
26/10/2022 15:00,3.7
26/10/2022 18:00,5.6
26/10/2022 21:00,3.7
27/10/2022 0:00,7.4
27/10/2022 3:00,13
27/10/2022 6:00,14.8
27/10/2022 9:00,9.3
27/10/2022 12:00,7.4
27/10/2022 15:00,5.6
27/10/2022 18:00,9.3
27/10/2022 21:00,9.9
28/10/2022 0:00,10.5
28/10/2022 3:00,11.1
28/10/2022 6:00,9.3
28/10/2022 9:00,13
28/10/2022 12:00,7.4
28/10/2022 15:00,7.4
28/10/2022 18:00,6.2
28/10/2022 21:00,4.9
29/10/2022 0:00,3.7
29/10/2022 3:00,5.6
29/10/2022 6:00,7.4
29/10/2022 9:00,9.3
29/10/2022 12:00,7.4
29/10/2022 15:00,5.6
29/10/2022 18:00,5.6
29/10/2022 21:00,5.6
30/10/2022 0:00,5.6
30/10/2022 3:00,13
30/10/2022 6:00,11.1
30/10/2022 9:00,11.1
30/10/2022 12:00,11.1
30/10/2022 15:00,7.4
30/10/2022 18:00,5.6
30/10/2022 21:00,3.7
31/10/2022 0:00,3.7
31/10/2022 3:00,13
31/10/2022 6:00,18.5
31/10/2022 9:00,7.4
31/10/2022 12:00,9.3
31/10/2022 15:00,7.4
31/10/2022 18:00,3.7
31/10/2022 21:00,4.3
1/11/2022 0:00,5
1/11/2022 3:00,5.6
1/11/2022 6:00,9.3
1/11/2022 9:00,6.5
1/11/2022 12:00,3.7
1/11/2022 15:00,3.7
1/11/2022 18:00,3.7
1/11/2022 21:00,3.7
2/11/2022 0:00,3.7
2/11/2022 3:00,3.7
2/11/2022 6:00,11.1
2/11/2022 9:00,7.4
2/11/2022 12:00,7.4
2/11/2022 15:00,8.3
2/11/2022 18:00,9.2
2/11/2022 21:00,10.2
3/11/2022 0:00,11.1
3/11/2022 3:00,7.4
3/11/2022 6:00,9.3
3/11/2022 9:00,9.3
3/11/2022 12:00,5.6
3/11/2022 15:00,7.1
3/11/2022 18:00,8.6
3/11/2022 21:00,10
4/11/2022 0:00,11.5
4/11/2022 3:00,13
4/11/2022 6:00,16.7
4/11/2022 9:00,16.6
4/11/2022 12:00,5.6
4/11/2022 15:00,7.4
4/11/2022 18:00,7.4
4/11/2022 21:00,5.6
5/11/2022 0:00,14.8
5/11/2022 3:00,7.4
5/11/2022 6:00,7.4
5/11/2022 9:00,7.4
5/11/2022 12:00,6.2
5/11/2022 15:00,4.9
5/11/2022 18:00,3.7
5/11/2022 21:00,11.1
6/11/2022 0:00,18.5
6/11/2022 3:00,25.9
6/11/2022 6:00,5.6
6/11/2022 9:00,9.3
6/11/2022 12:00,9.3
6/11/2022 15:00,8.6
6/11/2022 18:00,7.8
6/11/2022 21:00,7.1
7/11/2022 0:00,6.3
7/11/2022 3:00,5.6
7/11/2022 6:00,5.6
7/11/2022 9:00,11.1
7/11/2022 12:00,9.3
7/11/2022 15:00,7.9
7/11/2022 18:00,6.5
7/11/2022 21:00,5.1
8/11/2022 0:00,3.7
8/11/2022 3:00,5.6
8/11/2022 6:00,9.3
8/11/2022 9:00,9.3
8/11/2022 12:00,5.6
8/11/2022 15:00,5.1
8/11/2022 18:00,4.6
8/11/2022 21:00,4.2
9/11/2022 0:00,3.7
9/11/2022 3:00,5.6
9/11/2022 6:00,11.1
9/11/2022 9:00,24.1
9/11/2022 12:00,5.6
9/11/2022 15:00,5.6
9/11/2022 18:00,4.6
9/11/2022 21:00,3.7
10/11/2022 0:00,7.4
10/11/2022 3:00,9.3
10/11/2022 6:00,3.7
10/11/2022 9:00,3.7
10/11/2022 12:00,3.7
10/11/2022 15:00,4.4
10/11/2022 18:00,5.2
10/11/2022 21:00,5.9
11/11/2022 0:00,6.7
11/11/2022 3:00,7.4
11/11/2022 6:00,18.5
11/11/2022 9:00,14.8
11/11/2022 12:00,11.1
11/11/2022 15:00,7.4
11/11/2022 18:00,3.7
11/11/2022 21:00,3.7
12/11/2022 0:00,3.7
12/11/2022 3:00,9.3
12/11/2022 6:00,3.7
12/11/2022 9:00,5.6
12/11/2022 12:00,5.6
12/11/2022 15:00,5.6
12/11/2022 18:00,5.6
12/11/2022 21:00,5.6
13/11/2022 0:00,5.6
13/11/2022 3:00,5.6
13/11/2022 6:00,3.7
13/11/2022 9:00,7.9
13/11/2022 12:00,12
13/11/2022 15:00,16.2
13/11/2022 18:00,20.4
13/11/2022 21:00,16.1
14/11/2022 0:00,11.7
14/11/2022 3:00,7.4
14/11/2022 6:00,7.4
14/11/2022 9:00,9.3
14/11/2022 12:00,3.7
14/11/2022 15:00,3.7
14/11/2022 18:00,3.7
14/11/2022 21:00,16.7
15/11/2022 0:00,5.6
15/11/2022 3:00,7.4
15/11/2022 6:00,9.3
15/11/2022 9:00,14.8
15/11/2022 12:00,5.6
15/11/2022 15:00,7.4
15/11/2022 18:00,3.7
15/11/2022 21:00,7.4
16/11/2022 0:00,11.1
16/11/2022 3:00,14.8
16/11/2022 6:00,16.7
16/11/2022 9:00,20.4
16/11/2022 12:00,13
16/11/2022 15:00,11.1
16/11/2022 18:00,3.7
16/11/2022 21:00,3.7
17/11/2022 0:00,7.4
17/11/2022 3:00,20.4
17/11/2022 6:00,5.6
17/11/2022 9:00,5.6
17/11/2022 12:00,5.6
17/11/2022 15:00,5.6
17/11/2022 18:00,5.6
17/11/2022 21:00,5.6
18/11/2022 0:00,5.6
18/11/2022 3:00,14.8
18/11/2022 6:00,14.8
18/11/2022 9:00,14.8
18/11/2022 12:00,7.4
18/11/2022 15:00,7.4
18/11/2022 18:00,5.6
18/11/2022 21:00,3.7
19/11/2022 0:00,5.6
19/11/2022 3:00,20.4
19/11/2022 6:00,5.6
19/11/2022 9:00,3.7
19/11/2022 12:00,5.6
19/11/2022 15:00,4.6
19/11/2022 18:00,3.7
19/11/2022 21:00,5.6
20/11/2022 0:00,14.8
20/11/2022 3:00,11.1
20/11/2022 6:00,14.8
20/11/2022 9:00,25.9
20/11/2022 12:00,7.4
20/11/2022 15:00,7.4
20/11/2022 18:00,6.5
20/11/2022 21:00,5.6
21/11/2022 0:00,5.6
21/11/2022 3:00,13
21/11/2022 6:00,18.5
21/11/2022 9:00,13
21/11/2022 12:00,5.6
21/11/2022 15:00,5.1
21/11/2022 18:00,4.6
21/11/2022 21:00,4.2
22/11/2022 0:00,3.7
22/11/2022 3:00,9.3
22/11/2022 6:00,16.7
22/11/2022 9:00,7.4
22/11/2022 12:00,7.4
22/11/2022 15:00,5.6
22/11/2022 18:00,8.1
22/11/2022 21:00,10.5
23/11/2022 0:00,13
23/11/2022 3:00,7.4
23/11/2022 6:00,9.3
23/11/2022 9:00,11.1
23/11/2022 12:00,5.6
23/11/2022 15:00,6.3
23/11/2022 18:00,7.1
23/11/2022 21:00,7.8
24/11/2022 0:00,8.6
24/11/2022 3:00,9.3
24/11/2022 6:00,13
24/11/2022 9:00,18.5
24/11/2022 12:00,7.6
24/11/2022 15:00,3.7
24/11/2022 18:00,5.6
24/11/2022 21:00,5.6
25/11/2022 0:00,5.6
25/11/2022 3:00,5.6
25/11/2022 6:00,5.2
25/11/2022 9:00,4.8
25/11/2022 12:00,4.5
25/11/2022 15:00,4.1
25/11/2022 18:00,3.7
25/11/2022 21:00,3.7
26/11/2022 0:00,6.5
26/11/2022 3:00,9.3
26/11/2022 6:00,7.4
26/11/2022 9:00,5.6
26/11/2022 12:00,7.4
26/11/2022 15:00,3.7
26/11/2022 18:00,3.6
26/11/2022 21:00,4.6
27/11/2022 0:00,5.6
27/11/2022 3:00,7.4
27/11/2022 6:00,3.7
27/11/2022 9:00,5.6
27/11/2022 12:00,5.9
27/11/2022 15:00,6.2
27/11/2022 18:00,6.5
27/11/2022 21:00,6.8
28/11/2022 0:00,7.1
28/11/2022 3:00,7.4
28/11/2022 6:00,7.4
28/11/2022 9:00,11.1
28/11/2022 12:00,3.7
28/11/2022 15:00,5.6
28/11/2022 18:00,6.5
28/11/2022 21:00,7.4
29/11/2022 0:00,8.4
29/11/2022 3:00,9.3
29/11/2022 6:00,5.6
29/11/2022 9:00,3.7
29/11/2022 12:00,3.7
29/11/2022 15:00,3.7
29/11/2022 18:00,3.7
29/11/2022 21:00,6.8
30/11/2022 0:00,9.9
30/11/2022 3:00,13
30/11/2022 6:00,3.7
30/11/2022 9:00,24.1
30/11/2022 12:00,11.1
30/11/2022 15:00,3.7
30/11/2022 18:00,3.7
30/11/2022 21:00,3.7
1/12/2022 0:00,9.2
1/12/2022 3:00,14.8
1/12/2022 6:00,3.7
1/12/2022 9:00,7.4
1/12/2022 12:00,3.7
1/12/2022 15:00,7.4
1/12/2022 18:00,5.6
1/12/2022 21:00,3.7
2/12/2022 0:00,9.3
2/12/2022 3:00,9.3
2/12/2022 6:00,14.8
2/12/2022 9:00,11.1
2/12/2022 12:00,5.6
2/12/2022 15:00,5.6
2/12/2022 18:00,5.6
2/12/2022 21:00,16.7
3/12/2022 0:00,13.9
3/12/2022 3:00,11.1
3/12/2022 6:00,5.6
3/12/2022 9:00,5.6
3/12/2022 12:00,5.2
3/12/2022 15:00,4.8
3/12/2022 18:00,4.4
3/12/2022 21:00,4
4/12/2022 0:00,3.6
4/12/2022 3:00,3.7
4/12/2022 6:00,25.9
4/12/2022 9:00,7.4
4/12/2022 12:00,8.6
4/12/2022 15:00,9.9
4/12/2022 18:00,11.1
4/12/2022 21:00,12.3
5/12/2022 0:00,13.6
5/12/2022 3:00,14.8
5/12/2022 6:00,5.4
5/12/2022 9:00,3.7
5/12/2022 12:00,5.6
5/12/2022 15:00,5.6
5/12/2022 18:00,5.6
5/12/2022 21:00,5.6
6/12/2022 0:00,5.6
6/12/2022 3:00,5.6
6/12/2022 6:00,9.3
6/12/2022 9:00,5.6
6/12/2022 12:00,7.4
6/12/2022 15:00,5.6
6/12/2022 18:00,5.6
6/12/2022 21:00,8.7
7/12/2022 0:00,11.7
7/12/2022 3:00,14.8
7/12/2022 6:00,9.3
7/12/2022 9:00,5.6
7/12/2022 12:00,5.6
7/12/2022 15:00,3.7
7/12/2022 18:00,5.1
7/12/2022 21:00,6.5
8/12/2022 0:00,7.9
8/12/2022 3:00,9.3
8/12/2022 6:00,11.1
8/12/2022 9:00,13
8/12/2022 12:00,7.4
8/12/2022 15:00,3.6
8/12/2022 18:00,6.7
8/12/2022 21:00,9.9
9/12/2022 0:00,13
9/12/2022 3:00,13
9/12/2022 6:00,8.4
9/12/2022 9:00,3.7
9/12/2022 12:00,5.6
9/12/2022 15:00,3.7
9/12/2022 18:00,3.7
9/12/2022 21:00,3.1
10/12/2022 0:00,2.5
10/12/2022 3:00,1.9
10/12/2022 6:00,7.4
10/12/2022 9:00,5.6
10/12/2022 12:00,5.6
10/12/2022 15:00,5.6
10/12/2022 18:00,5
10/12/2022 21:00,4.3
11/12/2022 0:00,3.7
11/12/2022 3:00,14.8
11/12/2022 6:00,7.4
11/12/2022 9:00,5.4
11/12/2022 12:00,1.9
11/12/2022 15:00,1.9
11/12/2022 18:00,3.3
11/12/2022 21:00,4.6
12/12/2022 0:00,6
12/12/2022 3:00,7.4
12/12/2022 6:00,14.8
12/12/2022 9:00,7.6
12/12/2022 12:00,3.7
12/12/2022 15:00,13
12/12/2022 18:00,7.4
12/12/2022 21:00,6.5
13/12/2022 0:00,5.6
13/12/2022 3:00,11.1
13/12/2022 6:00,5.6
13/12/2022 9:00,9.3
13/12/2022 12:00,6.5
13/12/2022 15:00,3.7
13/12/2022 18:00,3.7
13/12/2022 21:00,3.7
14/12/2022 0:00,3.7
14/12/2022 3:00,11.1
14/12/2022 6:00,13
14/12/2022 9:00,7.4
14/12/2022 12:00,6.8
14/12/2022 15:00,6.2
14/12/2022 18:00,5.6
14/12/2022 21:00,5.6
15/12/2022 0:00,7.4
15/12/2022 3:00,9.3
15/12/2022 6:00,16.7
15/12/2022 9:00,14.8
15/12/2022 12:00,5.6
15/12/2022 15:00,3.7
15/12/2022 18:00,5.6
15/12/2022 21:00,7.4
16/12/2022 0:00,13
16/12/2022 3:00,18.5
16/12/2022 6:00,7.4
16/12/2022 9:00,14.8
16/12/2022 12:00,13
16/12/2022 15:00,3.7
16/12/2022 18:00,5.6
16/12/2022 21:00,8.1
17/12/2022 0:00,10.5
17/12/2022 3:00,13
17/12/2022 6:00,7.4
17/12/2022 9:00,13
17/12/2022 12:00,3.7
17/12/2022 15:00,4.6
17/12/2022 18:00,5.6
17/12/2022 21:00,8.7
18/12/2022 0:00,11.7
18/12/2022 3:00,14.8
18/12/2022 6:00,9.3
18/12/2022 9:00,5.6
18/12/2022 12:00,5.6
18/12/2022 15:00,13
18/12/2022 18:00,20.4
18/12/2022 21:00,13
19/12/2022 0:00,5.6
19/12/2022 3:00,3.7
19/12/2022 6:00,9.3
19/12/2022 9:00,14.8
19/12/2022 12:00,7.4
19/12/2022 15:00,9.3
19/12/2022 18:00,9.3
19/12/2022 21:00,7.4
20/12/2022 0:00,9.2
20/12/2022 3:00,11.1
20/12/2022 6:00,13
20/12/2022 9:00,13
20/12/2022 12:00,9.3
20/12/2022 15:00,7.4
20/12/2022 18:00,5.6
20/12/2022 21:00,5.6
21/12/2022 0:00,5.6
21/12/2022 3:00,14.8
21/12/2022 6:00,7.4
21/12/2022 9:00,13
21/12/2022 12:00,9.3
21/12/2022 15:00,7.4
21/12/2022 18:00,7.4
21/12/2022 21:00,14.8
22/12/2022 0:00,9.3
22/12/2022 3:00,20.4
22/12/2022 6:00,14.8
22/12/2022 9:00,7.4
22/12/2022 12:00,13
22/12/2022 15:00,11.1
22/12/2022 18:00,9.3
22/12/2022 21:00,9.3
23/12/2022 0:00,11.1
23/12/2022 3:00,9.3
23/12/2022 6:00,18.5
23/12/2022 9:00,20.4
23/12/2022 12:00,5.6
23/12/2022 15:00,3.7
23/12/2022 18:00,5.6
23/12/2022 21:00,7.4
24/12/2022 0:00,13
24/12/2022 3:00,18.5
24/12/2022 6:00,18.5
24/12/2022 9:00,31.5
24/12/2022 12:00,11.1
24/12/2022 15:00,13
24/12/2022 18:00,9.3
24/12/2022 21:00,7.4
25/12/2022 0:00,15.8
25/12/2022 3:00,24.1
25/12/2022 6:00,35.2
25/12/2022 9:00,38.9
25/12/2022 12:00,14.8
25/12/2022 15:00,14.8
25/12/2022 18:00,13
25/12/2022 21:00,14.8
26/12/2022 0:00,9.3
26/12/2022 3:00,22.2
26/12/2022 6:00,24.1
26/12/2022 9:00,14.8
26/12/2022 12:00,18.5
26/12/2022 15:00,13
26/12/2022 18:00,9.3
26/12/2022 21:00,7.4
27/12/2022 0:00,13.9
27/12/2022 3:00,20.4
27/12/2022 6:00,20.4
27/12/2022 9:00,16.7
27/12/2022 12:00,7.4
27/12/2022 15:00,14.8
27/12/2022 18:00,7.4
27/12/2022 21:00,5.6
28/12/2022 0:00,18.5
28/12/2022 3:00,18.5
28/12/2022 6:00,18.5
28/12/2022 9:00,16.7
28/12/2022 12:00,7.4
28/12/2022 15:00,3.7
28/12/2022 18:00,9.3
28/12/2022 21:00,5.6
29/12/2022 0:00,14.8
29/12/2022 3:00,14.8
29/12/2022 6:00,25.9
29/12/2022 9:00,20.4
29/12/2022 12:00,11.1
29/12/2022 15:00,9.3
29/12/2022 18:00,9.3
29/12/2022 21:00,9.3
30/12/2022 0:00,16.7
30/12/2022 3:00,29.6
30/12/2022 6:00,35.2
30/12/2022 9:00,29.6
30/12/2022 12:00,9.3
30/12/2022 15:00,7.4
30/12/2022 18:00,6.4
30/12/2022 21:00,5.4
31/12/2022 0:00,7.4
31/12/2022 3:00,37.1
31/12/2022 6:00,38.9
31/12/2022 9:00,35.2
31/12/2022 12:00,16.7
31/12/2022 15:00,9.3
31/12/2022 18:00,9.3
31/12/2022 21:00,11.1
